parcel_id,land_no,Land,Area,Grade,Frontage,Depth
0010001,1,1,2.00,1.00,,
0010001,2,5,14.50,0.70,,
0010002,1,1,0.25,1.00,,
0010003,1,1,0.83,1.00,,
0010004,1,1,0.30,0.80,,
0010006,1,1,0.20,1.00,,
0010007,1,1,2.00,1.00,,
0010007,2,5,1.00,1.00,,
0010008,1,1,1.20,1.00,,
001000801,1,1,1.70,1.00,,
0010009,1,1,0.20,0.90,,
001001,1,1,2.00,1.00,,
001001,2,5,0.30,1.00,,
0010011,1,5,22.35,0.50,,
001001101,1,1,1.25,1.10,,
0010012,1,1,0.20,0.90,,
0010014,1,1,0.20,1.00,,
0010015,1,1,0.20,0.50,,
0010016,1,1,0.30,0.80,,
0010017,1,1,0.61,0.80,,
001001701,1,1,0.50,0.80,,
0010019,1,1,0.64,0.80,,
001002,1,1,0.43,1.00,,
001002001,1,5,40.60,0.25,,
001002002,1,5,100.00,0.25,,
0010021,1,1,0.25,0.90,,
0010022,1,1,1.33,1.00,,
0010024,1,1,2.00,0.70,,
0010024,2,5,58.00,0.70,,
0010025,1,1,0.25,0.90,,
0010026,1,1,2.00,1.00,,
0010026,2,5,10.78,0.70,,
0010027,1,1,1.75,1.00,,
0010028,1,6,43.00,0.70,,
0010029,1,1,2.00,1.25,,
0010029,2,5,8.10,0.70,,
001003,1,1,2.00,1.00,,
001003,2,5,10.00,0.70,,
0010031,1,1,2.00,1.10,,
0010031,2,5,6.00,0.60,,
001003101,1,1,2.00,1.10,,
001003101,2,5,5.40,0.60,,
0010032,1,1,2.00,1.50,,
0010032,2,5,5.70,0.70,,
0010034,1,1,2.00,1.25,,
0010034,2,5,1.50,0.70,,
0010035,1,1,2.00,1.10,,
0010035,2,5,3.40,0.70,,
0010036,1,1,2.00,1.25,,
0010036,2,5,8.10,0.70,,
001003601,1,1,2.00,1.50,,
001003601,2,5,6.26,0.70,,
0010037,1,1,1.20,1.00,,
0010038,1,1,1.00,1.00,,
0010039,1,1,1.00,1.00,,
0010041,1,1,2.00,1.00,,
0010041,2,5,1.30,1.00,,
0010042,1,1,2.00,1.00,,
0010042,2,5,1.34,1.00,,
0010043,1,1,2.00,1.00,,
0010043,2,5,4.00,1.00,,
001004401,1,1,2.00,1.50,,
001004401,2,5,3.12,1.25,,
001004402,1,1,2.00,1.25,,
001004402,2,5,1.97,1.00,,
001004403,1,1,2.00,1.00,,
001004403,2,5,5.04,1.00,,
0010045,1,1,0.63,1.50,,
0010046,1,1,0.44,1.50,,
0010047,1,1,0.29,1.50,,
001004701,1,5,4.26,0.80,,
0010048,1,1,2.00,1.00,,
0010048,2,5,5.10,1.00,,
001004802,1,1,2.00,1.00,,
001004802,2,5,6.60,1.00,,
0010049,1,1,1.00,1.00,,
001005,1,1,2.00,1.50,,
001005,2,5,8.16,1.25,,
0010051,1,1,2.00,1.25,,
0010051,2,5,10.60,1.25,,
0010052,1,5,6.45,1.00,,
001005201,1,1,2.00,2.00,,
001005201,2,5,18.00,1.25,,
001005202,1,1,2.00,1.50,,
001005202,2,5,8.86,1.00,,
001005203,1,1,2.00,1.25,,
001005203,2,5,8.27,1.00,,
001005204,1,1,2.00,1.50,,
001005204,2,5,13.94,1.00,,
0010075,1,1,2.00,2.00,,
0010075,2,5,79.86,1.00,,
001007501,1,1,2.00,1.50,,
001007501,2,5,38.51,0.80,,
001007502,1,1,2.00,1.00,,
001007502,2,5,52.83,1.00,,
0010076,1,1,1.00,1.75,,
0010078,1,6,56.70,1.00,,
001007801,1,1,2.00,1.50,,
001007801,2,5,6.50,1.00,,
001007802,1,6,4.00,0.80,,
0010079,1,1,2.00,1.25,,
001008,1,1,1.00,1.25,,
0010081,1,1,1.00,1.00,,
0010083,1,1,2.00,1.00,,
0010084,1,1,2.00,1.00,,
001008401,1,1,2.00,1.50,,
001008401,2,5,5.00,1.00,,
001008501,1,1,2.00,1.50,,
001008501,2,5,6.30,1.00,,
0010086,1,1,2.00,1.25,,
0010086,2,5,13.50,0.80,,
0010087,1,1,2.00,1.25,,
0010087,2,5,1.33,1.00,,
0010088,1,1,2.00,1.50,,
0010088,2,5,9.70,1.00,,
0010089,1,1,2.00,1.50,,
0010089,2,5,8.00,1.00,,
0010091,1,1,2.00,1.25,,
0010091,2,5,1.00,1.00,,
0010092,1,1,2.00,2.00,,
0010092,2,5,2.00,0.80,,
0010093,1,1,2.00,2.00,,
0010093,2,5,13.38,1.00,,
0010094,1,1,2.00,1.50,,
0010094,2,5,13.00,0.90,,
0010095,1,1,2.00,1.25,,
0010095,2,5,1.00,1.00,,
0010096,1,6,3.07,0.80,,
0010098,1,1,2.00,1.25,,
0010098,2,5,2.23,0.90,,
001010,1,1,2.00,1.25,,
001010,2,5,4.40,0.90,,
0010101,1,1,1.67,1.25,,
001010101,1,1,2.00,1.25,,
001010101,2,5,3.00,0.80,,
0010104,1,1,2.00,1.00,,
0010104,2,5,0.16,1.00,,
0010105,1,1,2.00,1.00,,
0010105,2,5,0.32,1.00,,
0010106,1,1,1.00,1.10,,
0010107,1,1,0.70,0.80,,
0010108,1,1,2.00,1.00,,
0010108,2,5,1.00,1.00,,
0010109,1,1,2.00,2.00,,
0010109,2,5,1.30,1.00,,
001010902,1,1,2.00,1.50,,
001010902,2,5,3.05,1.00,,
001010903,1,1,2.00,1.50,,
001010903,2,5,0.72,1.00,,
001010910,1,1,2.00,2.50,,
001010910,2,5,4.14,0.90,,
00101092,1,1,2.00,1.50,,
00101092,2,5,1.00,1.00,,
00101093,1,1,2.00,2.00,,
00101093,2,5,1.50,1.00,,
001011,1,1,2.00,1.50,,
001011,2,5,4.20,1.00,,
0010111,1,1,2.00,1.25,,
0010111,2,5,3.30,1.00,,
0010112,1,1,2.00,2.00,,
0010113,1,6,7.17,0.80,,
0010114,1,1,1.00,3.00,,
0010115,1,1,2.00,1.50,,
0010115,2,5,4.50,0.90,,
0010116,1,1,2.00,2.00,,
0010116,2,5,6.90,0.80,,
00101171,1,1,2.00,2.00,,
00101171,2,5,7.20,0.80,,
00101172,1,1,2.00,3.00,,
00101172,2,5,8.00,0.80,,
00101173,1,1,2.00,2.00,,
00101173,2,5,8.10,0.90,,
00101174,1,1,2.00,3.00,,
00101174,2,5,32.00,0.90,,
001011741,1,1,2.00,4.00,,
001011741,2,5,20.80,0.80,,
00101175,1,5,64.00,0.80,,
0010118,1,1,2.00,2.00,,
0010118,2,5,8.50,0.80,,
0010119,1,1,2.00,1.50,,
0010119,2,5,2.30,1.00,,
001011902,1,1,2.00,2.00,,
001011902,2,5,2.30,0.80,,
001011903,1,1,2.00,2.00,,
001011903,2,5,1.60,0.80,,
001012,1,1,2.00,3.00,,
001012,2,5,26.50,0.80,,
0010123,1,1,2.00,1.75,,
0010123,2,5,10.50,0.80,,
0010125,1,1,2.00,2.00,,
0010125,2,5,0.70,1.00,,
0010126,1,1,2.00,3.00,,
0010126,2,5,25.60,1.00,,
0010128,1,1,2.00,2.00,,
0010128,2,5,26.05,0.80,,
0010129,1,1,2.00,1.25,,
0010129,2,5,24.20,0.80,,
001012901,1,1,2.00,2.00,,
001012901,2,5,8.10,0.80,,
0010132,1,1,2.00,2.00,,
0010132,2,5,20.50,0.80,,
0010133,1,6,43.20,0.80,,
0010134,1,1,2.00,2.00,,
0010134,2,5,15.00,0.80,,
0010135,1,1,2.00,2.00,,
0010135,2,5,4.00,0.80,,
0010136,1,1,2.00,2.00,,
0010136,2,5,14.00,0.80,,
0010137,1,1,1.10,2.00,,
0010138,1,6,57.00,1.25,,
0010139,1,1,2.00,0.80,,
0010139,2,6,378.00,0.80,,
001014,1,6,52.00,0.80,,
0010142,1,5,0.90,0.50,,
002000,1,5,1.00,0.20,,
0020001,1,1,1.50,1.00,,
0020002,1,1,2.00,1.00,,
0020002,2,5,2.00,1.00,,
0020003,1,1,2.00,1.25,,
0020003,2,5,8.20,0.60,,
0020004,1,6,36.78,1.00,,
002000401,1,1,2.00,1.50,,
002000401,2,5,4.08,1.00,,
002000402,1,1,2.00,1.50,,
002000402,2,5,4.08,1.00,,
0020006,1,6,22.60,1.00,,
0020007,1,1,2.00,2.00,,
0020007,2,5,30.20,1.50,,
0020011,1,1,2.00,1.00,,
0020011,2,5,8.50,0.80,,
0020012,1,1,2.00,1.50,,
0020012,2,5,3.92,1.00,,
0020013,1,1,2.00,1.25,,
0020013,2,5,5.90,1.00,,
0020014,1,1,2.00,1.50,,
0020014,2,5,3.90,1.20,,
0020016,1,1,2.00,3.00,,
0020016,2,7,2.00,2.00,,
0020016,3,5,60.20,1.00,,
0020017,1,1,2.00,2.00,,
0020017,2,5,8.10,1.00,,
0020018,1,1,2.00,1.50,,
0020018,2,5,192.70,1.50,,
002002,1,1,2.00,1.00,,
002002,2,5,3.40,0.80,,
0020021,1,1,2.00,1.50,,
0020021,2,5,0.42,1.00,,
002002101,1,6,50.00,0.80,,
002002102,1,1,2.00,2.00,,
002002102,2,5,2.88,1.00,,
0020022,1,1,2.00,1.25,,
0020022,2,5,8.00,0.80,,
0020024,1,1,2.00,1.25,,
0020024,2,5,17.40,0.80,,
0020025,1,1,2.00,1.25,,
0020025,2,5,11.20,0.80,,
0020026,1,1,2.00,0.80,,
0020026,2,5,0.40,1.00,,
0020027,1,1,1.25,1.00,,
0020028,1,1,2.00,1.00,,
0020028,2,5,1.00,1.00,,
0020029,1,1,1.25,1.00,,
002003,1,6,2.30,0.80,,
0020031,1,1,2.00,1.25,,
0020031,2,5,39.50,1.00,,
0020032,1,1,1.10,1.25,,
0020034,1,1,2.00,1.00,,
0020035,1,1,1.00,1.00,,
0020036,1,6,20.00,1.00,,
0020036,2,5,155.00,1.00,,
002003601,1,1,2.00,2.00,,
002003601,2,5,9.00,1.00,,
0020037,1,1,2.00,2.00,,
0020037,2,5,9.51,1.00,,
002003701,1,1,2.00,1.50,,
002003701,2,5,1.01,1.00,,
002003702,1,1,2.00,1.25,,
002003702,2,5,2.43,1.00,,
0020039,1,6,43.00,1.75,,
0020039,2,5,0.70,,,
002003901,1,1,1.60,1.25,,
002004,1,6,23.00,0.80,,
0020041,1,1,2.00,1.25,,
0020041,2,5,21.00,0.70,,
0020042,1,1,2.00,1.00,,
0020042,2,5,5.00,0.70,,
0020043,1,1,2.00,2.00,,
0020043,2,5,6.50,1.00,,
0020044,1,5,0.75,1.50,,
0020044,2,5,1.00,,,
0030001,1,1,2.00,1.00,,
0030002,1,1,1.20,1.00,,
0030003,1,5,0.25,1.00,,
0030004,1,1,1.00,0.90,,
0030005,1,1,1.00,1.00,,
0030006,1,1,1.00,1.00,,
0030007,1,1,1.50,1.00,,
0030008,1,1,2.00,1.25,,
0030008,2,5,207.00,0.70,,
0030009,1,1,2.00,1.00,,
0030009,2,5,1.80,0.80,,
003001,1,1,2.00,1.00,,
003001,2,5,0.10,1.00,,
0030011,1,1,2.00,1.00,,
0030011,2,5,5.19,0.80,,
0030012,1,1,2.00,0.90,,
0030012,2,5,7.70,0.80,,
003001201,1,1,1.40,1.00,,
0030013,1,1,2.00,1.00,,
0030013,2,5,2.00,0.80,,
0030014,1,1,2.00,1.25,,
0030014,2,5,2.00,1.00,,
0030015,1,1,2.00,1.25,,
0030015,2,5,3.20,0.70,,
003001501,1,1,2.00,1.00,,
003001501,2,5,9.00,0.80,,
003001502,1,6,4.90,0.80,,
0030016,1,1,2.00,1.00,,
0030016,2,5,15.30,0.80,,
003001601,1,1,2.00,0.90,,
003001601,2,5,30.10,0.80,,
0030017,1,1,2.00,1.00,,
0030017,2,5,22.10,0.80,,
003001702,1,5,55.30,0.50,,
0030019,1,1,2.00,1.00,,
0030019,2,5,5.00,1.00,,
003002,1,1,1.20,1.00,,
0030021,1,6,59.80,0.80,,
0030022,1,6,5.60,0.80,,
0030024,1,1,2.00,1.00,,
0030024,2,5,3.50,0.80,,
0030025,1,1,2.00,1.25,,
0030025,2,5,3.00,1.00,,
003002501,1,1,2.00,1.50,,
003002501,2,5,9.40,1.00,,
003002502,1,1,2.00,1.50,,
003002502,2,5,8.10,0.80,,
003002503,1,1,2.00,1.50,,
003002503,2,5,8.20,1.00,,
003002505,1,1,2.00,1.25,,
003002505,2,5,4.80,0.80,,
0030026,1,1,2.00,1.00,,
0030026,2,5,26.30,0.80,,
0030029,1,1,2.00,1.25,,
0030029,2,5,7.80,0.80,,
003003,1,1,1.00,1.00,,
0030031,1,1,2.00,1.25,,
0030031,2,5,2.60,1.00,,
0030032,1,1,1.00,1.25,,
0030033,1,1,2.00,1.25,,
0030033,2,5,1.00,1.00,,
0030034,1,1,2.00,2.00,,
0030034,2,5,20.30,1.00,,
0030035,1,1,1.30,1.00,,
0030036,1,1,1.30,1.00,,
0030037,1,1,2.00,2.00,,
0030037,2,5,92.00,0.80,,
003003701,1,6,54.00,0.80,,
0030038,1,1,2.00,1.25,,
0030038,2,5,2.80,1.00,,
003003801,1,1,2.00,1.50,,
003003801,2,5,5.30,1.00,,
0030039,1,1,2.00,1.00,,
0030041,1,1,0.50,1.00,,
0030042,1,1,2.00,1.25,,
0030042,2,5,44.74,0.80,,
0030046,1,1,2.00,1.00,,
0030046,2,5,1.00,1.00,,
0030047,1,1,1.30,1.00,,
003004701,1,1,2.00,1.50,,
003004701,2,5,0.74,1.00,,
0030049,1,5,0.30,1.00,,
0030051,1,1,1.00,1.00,,
0030052,1,1,2.00,1.25,,
0030052,2,5,6.35,1.00,,
003005201,1,1,2.00,1.25,,
003005201,2,5,3.75,1.00,,
003005202,1,1,2.00,1.25,,
003005202,2,5,2.70,0.80,,
003005203,1,1,2.00,1.25,,
003005203,2,5,48.00,0.80,,
003005204,1,1,2.00,1.00,,
003005204,2,5,10.50,0.80,,
003005205,1,1,2.00,1.50,,
003005205,2,5,13.00,0.40,,
003005206,1,1,2.00,1.25,,
003005206,2,5,20.50,0.40,,
003005210,1,1,2.00,1.25,,
003005210,2,5,9.95,1.00,,
003005211,1,1,2.00,1.25,,
003005211,2,5,42.25,0.60,,
003005230,1,1,2.00,1.10,,
003005230,2,5,2.87,1.00,,
003005240,1,1,2.00,1.10,,
003005240,2,5,3.38,1.00,,
003005250,1,1,2.00,1.00,,
003005250,2,5,1.73,1.00,,
0030053,1,1,0.50,1.00,,
0030054,1,1,1.80,0.25,,
0030055,1,1,2.00,1.00,,
0030055,2,5,24.50,0.70,,
0030056,1,1,2.00,1.50,,
0030056,2,5,17.00,0.80,,
0030057,1,1,2.00,1.25,,
0030057,2,5,98.00,1.00,,
0030058,1,1,2.00,1.00,,
0030058,2,5,69.00,0.80,,
0030059,1,1,2.00,0.80,,
0030059,2,5,0.30,0.80,,
003006,1,1,0.30,0.60,,
0030061,1,1,2.00,1.00,,
0030061,2,5,13.00,0.80,,
0030062,1,1,2.00,1.00,,
0030062,2,5,1.36,1.00,,
003006201,1,1,2.00,1.00,,
003006201,2,5,0.47,1.00,,
003006202,1,6,72.51,0.50,,
003006203,1,6,95.50,0.50,,
0030063,1,1,2.00,1.00,,
0030063,2,5,9.34,0.80,,
0030064,1,5,532.00,1.00,,
0030065,1,1,1.00,1.00,,
0030066,1,5,58.70,0.70,,
003006601,1,5,0.58,1.00,,
0030067,1,6,29.81,0.60,,
0030068,1,6,3.20,0.50,,
0040001,1,1,0.30,1.00,,
0040002,1,1,0.50,1.00,,
004000201,1,5,0.60,1.00,,
0040003,1,1,0.60,1.10,,
0040004,1,1,0.33,1.10,,
0040005,1,1,0.50,1.10,,
0040006,1,1,0.40,1.10,,
0040007,1,1,0.33,1.10,,
0040008,1,1,0.80,1.25,,
0040009,1,1,1.00,1.10,,
004001,1,1,1.00,1.25,,
0040011,1,1,2.00,1.50,,
0040011,2,5,0.31,1.00,,
0040012,1,1,1.00,1.00,,
0040013,1,1,1.12,1.00,,
0040014,1,1,1.00,1.00,,
004001501,1,1,0.70,1.50,,
0040016,1,5,0.10,0.60,,
0040022,1,1,0.75,1.00,,
0040023,1,1,0.18,1.00,,
0040023,2,7,0.26,1.00,,
0040023,3,5,0.39,0.50,,
004002304,1,5,0.63,1.00,,
0040024,1,1,0.41,1.00,,
0040025,1,1,0.47,1.00,,
0040026,1,1,1.00,1.00,,
0040029,1,1,1.80,1.00,,
0040031,1,1,0.50,1.00,,
0040034,1,1,0.50,1.00,,
0040035,1,1,0.65,1.10,,
004003600,1,5,0.30,0.60,,
0040037,1,1,0.30,1.00,,
0040038,1,1,0.20,1.00,,
0040039,1,1,0.40,1.00,,
0040041,1,1,2.00,1.00,,
00400411,1,5,0.10,0.10,,
0040042,1,1,0.20,1.00,,
0040043,1,1,0.25,1.10,,
0040044,1,1,0.65,1.00,,
0040047,1,1,2.00,1.10,,
0040047,2,5,1.90,1.00,,
0040048,1,1,1.00,1.00,,
0040049,1,1,1.10,1.00,,
004005,1,1,2.00,1.00,,
004005,2,5,11.40,0.60,,
0040051,1,1,1.10,1.00,,
004005101,1,1,2.00,1.00,,
004005101,2,5,0.30,1.00,,
0040052,1,1,0.25,1.00,,
0040053,1,1,2.00,1.00,,
0040053,2,5,32.00,0.80,,
0040054,1,1,0.20,1.00,,
0040055,1,1,1.40,1.00,,
0040056,1,1,0.40,1.00,,
0050001,1,1,0.29,1.50,,
0050003,1,1,2.00,1.00,,
0050003,2,5,1.00,1.00,,
0050004,1,1,2.00,1.25,,
0050004,2,5,0.73,1.00,,
0050008,1,1,1.10,1.00,,
005000801,1,1,1.06,1.00,,
005000802,1,1,2.00,1.00,,
005000802,2,5,0.30,1.00,,
005000803,1,1,1.05,1.00,,
0050009,1,1,1.20,1.00,,
005001001,1,1,1.37,1.00,,
005001002,1,1,1.25,1.00,,
005001003,1,1,1.53,1.00,,
0050012,1,1,2.00,1.00,,
0050013,1,1,2.00,1.00,,
0050013,2,5,0.20,1.00,,
00500131,1,1,2.00,1.00,,
0050014,1,1,2.00,0.80,,
0050014,2,5,75.74,0.80,,
005001401,1,1,2.00,1.50,,
005001401,2,5,1.01,0.90,,
005001402,1,1,2.00,1.00,,
005001402,2,5,0.20,1.00,,
005001403,1,1,2.00,1.25,,
005001403,2,5,7.40,0.80,,
005001404,1,6,13.90,0.80,,
005001410,1,1,2.00,1.25,,
005001410,2,5,11.25,0.80,,
005001411,1,6,68.70,0.80,,
005001420,1,1,2.00,1.00,,
005001420,2,5,27.75,0.90,,
0050015,1,1,0.75,0.90,,
0050016,1,1,0.70,1.00,,
0050017,1,1,0.33,1.00,,
0050018,1,1,1.12,1.00,,
005001801,1,1,1.30,1.00,,
0050019,1,1,0.33,1.00,,
005002,1,1,0.20,1.00,,
0050021,1,1,0.30,1.00,,
0050022,1,1,0.20,1.00,,
0050023,1,1,0.20,1.00,,
0050024,1,1,0.20,1.00,,
0050025,1,1,1.25,1.00,,
0050026,1,1,1.00,1.00,,
0050027,1,1,0.24,1.00,,
0050028,1,1,0.50,1.00,,
0050029,1,1,1.10,1.00,,
005003,1,1,1.05,1.00,,
0050031,1,1,1.00,1.00,,
0050032,1,1,0.38,1.00,,
0050033,1,1,1.00,1.10,,
0050034,1,1,1.25,1.00,,
0050036,1,1,2.00,1.25,,
0050036,2,5,5.63,0.80,,
0050038,1,1,1.02,1.00,,
0050039,1,1,1.00,1.00,,
005004,1,1,2.00,0.80,,
005004,2,5,1.80,0.80,,
005004101,1,1,1.16,0.80,,
005004102,1,1,1.47,0.80,,
0050042,1,1,1.00,1.00,,
0050043,1,1,1.00,1.00,,
0050045,1,1,2.00,1.25,,
0050045,2,5,8.08,1.00,,
005004501,1,1,2.00,1.50,,
005004501,2,5,1.14,0.90,,
005004502,1,1,2.00,1.25,,
005004502,2,5,1.03,0.90,,
005004503,1,1,2.00,1.00,,
005004503,2,5,1.25,0.90,,
0050046,1,1,2.00,1.50,,
0050046,2,5,8.30,0.80,,
0050049,1,1,1.20,0.90,,
005004901,1,1,2.00,1.00,,
005004901,2,5,10.10,0.50,,
005005,1,1,0.50,1.00,,
0050051,1,1,0.50,0.80,,
0050052,1,1,0.40,1.00,,
0050054,1,1,2.00,1.00,,
0050054,2,5,1.00,1.00,,
0050057,1,1,2.00,2.00,,
0050057,2,5,227.20,1.00,,
0050062,1,1,1.50,1.50,,
0050065,1,1,0.71,0.80,,
0050067,1,1,0.92,0.80,,
005007,1,1,2.00,1.50,,
005007,2,5,27.60,0.80,,
0050071,1,1,2.00,1.50,,
0050071,2,5,175.00,0.80,,
0050071,3,5,40.00,,,
0050072,1,5,30.00,0.80,,
0050072,2,5,106.00,,,
0050073,1,5,15.00,0.60,,
0050073,2,5,62.00,,,
0050075,1,1,0.25,0.80,,
0050082,1,1,1.35,1.25,,
005008201,1,1,1.12,1.25,,
005008203,1,1,1.42,1.25,,
005008204,1,1,1.34,1.25,,
005008301,1,1,1.95,2.50,,
005008302,1,1,2.00,2.00,,
005008302,2,5,0.37,1.00,,
005008303,1,1,1.28,2.00,,
005008304,1,1,1.44,1.25,,
005008305,1,1,2.00,1.50,,
005008305,2,5,0.39,1.50,,
005008306,1,1,2.00,1.50,,
005008306,2,5,0.04,1.00,,
005008307,1,1,1.72,1.50,,
005008308,1,1,1.65,1.00,,
005008309,1,1,2.00,1.00,,
0050085,1,1,0.17,0.90,,
0050095,1,1,0.55,1.50,,
0060002,1,1,0.35,1.00,,
0060003,1,1,1.00,1.00,,
0060004,1,1,2.00,1.00,,
0060004,2,5,2.70,1.00,,
0060006,1,1,1.70,1.00,,
0060007,1,1,2.00,1.00,,
0060007,2,5,0.30,1.00,,
0060008,1,1,1.00,1.00,,
0060009,1,1,2.00,1.25,,
0060009,2,5,1.15,0.80,,
006001,1,1,2.00,1.25,,
0060011,1,1,1.00,1.25,,
0060012,1,1,1.00,1.25,,
0060013,1,1,1.00,1.25,,
0060014,1,1,1.00,0.90,,
0060015,1,1,1.20,1.00,,
0060016,1,1,1.00,1.25,,
0060017,1,1,1.10,1.00,,
0060018,1,1,2.00,1.25,,
0060018,2,5,0.60,1.00,,
0060019,1,1,2.00,1.50,,
0060019,2,5,2.15,0.50,,
006001901,1,1,2.00,1.00,,
006001901,2,5,0.40,1.00,,
006001902,1,1,2.00,1.25,,
006001902,2,5,1.16,0.90,,
006001904,1,1,2.00,1.50,,
006001904,2,5,4.38,0.80,,
006002,1,1,2.00,1.25,,
006002,2,5,23.00,1.00,,
0060021,1,1,1.00,1.00,,
0060023,1,1,0.44,1.00,,
0060025,1,1,1.75,1.25,,
0060026,1,1,2.00,1.25,,
0060027,1,1,1.60,1.00,,
0060028,1,1,2.00,1.00,,
0060028,2,5,1.90,0.80,,
0060029,1,1,1.00,1.00,,
006003,1,1,2.00,1.00,,
006003,2,5,0.70,1.00,,
0060031,1,1,0.60,1.00,,
0060032,1,1,0.90,1.00,,
0060033,1,1,2.00,1.00,,
0060033,2,5,1.40,1.00,,
0060035,1,1,1.00,1.00,,
0060036,1,1,2.00,0.80,,
0060036,2,5,0.10,0.80,,
0060037,1,6,4.00,0.40,,
0060038,1,1,2.00,0.80,,
0060038,2,5,0.07,0.80,,
0060039,1,1,2.00,1.00,,
0060039,2,5,8.30,1.00,,
006004,1,1,1.00,1.00,,
0060041,1,6,2.29,1.00,,
0060042,1,5,50.60,0.40,,
006004201,1,5,4.00,0.50,,
0060043,1,6,93.00,1.00,,
0060044,1,1,2.00,1.00,,
0060044,2,5,1.00,1.00,,
0060046,1,1,1.60,1.25,,
0060047,1,6,1.25,0.80,,
0060047,2,6,0.55,,,
0060048,1,1,2.00,1.00,,
0060048,2,5,0.51,1.00,,
0060049,1,1,1.50,1.10,,
006005,1,1,1.70,1.50,,
0060051,1,6,1.00,0.80,,
0060052,1,5,1.20,1.00,,
0060054,1,1,2.00,1.00,,
0060054,2,5,0.10,1.00,,
0090001,1,1,0.33,0.60,,
0090002,1,1,0.13,0.70,,
0090003,1,1,0.70,0.80,,
0090005,1,1,0.09,0.80,,
0090006,1,1,0.07,0.80,,
009000701,1,1,2.00,1.25,,
009000701,2,5,49.00,1.00,,
0090009,1,1,2.00,0.80,,
0090009,2,5,11.57,0.40,,
009001,1,1,1.25,1.00,,
0090011,1,1,0.63,1.00,,
0090012,1,1,0.50,1.00,,
009001201,1,6,34.75,0.60,,
009001202,1,1,2.00,2.00,,
009001202,2,5,0.63,1.00,,
009001203,1,1,2.00,2.00,,
009001203,2,5,0.17,1.00,,
009001204,1,1,2.00,1.75,,
009001204,2,5,1.49,1.00,,
009001205,1,5,1.67,1.00,,
009001206,1,1,2.00,2.00,,
009001206,2,5,0.12,1.00,,
0090013,1,1,2.00,1.50,,
0090013,2,5,197.90,1.00,,
009001302,1,1,2.00,1.25,,
009001302,2,5,23.15,1.00,,
009001303,1,1,2.00,4.00,,
009001303,2,5,15.17,1.50,,
009001303,3,5,27.00,,,
0090014,1,6,4.80,1.00,,
0090015,1,1,2.00,4.00,,
0090015,2,5,2.20,1.00,,
0090017,1,1,2.00,1.25,,
0090017,2,7,2.00,1.00,,
0090017,3,5,501.00,1.00,,
0090019,1,1,1.56,1.25,,
009002,1,1,1.36,0.80,,
009002001,1,1,2.00,1.00,,
009002001,2,5,1.00,1.00,,
009002002,1,1,2.00,1.00,,
009002002,2,5,1.00,1.00,,
009002003,1,1,2.00,1.50,,
009002003,2,5,5.90,1.00,,
0090021,1,1,2.00,1.25,,
0090021,2,5,2.00,1.00,,
0090022,1,1,2.00,1.50,,
0090022,2,5,34.00,1.00,,
009002201,1,6,160.00,1.25,,
0090023,1,1,1.84,1.25,,
0090024,1,1,2.00,1.25,,
0090024,2,5,0.70,1.00,,
0090025,1,1,2.00,1.25,,
0090025,2,5,0.90,1.00,,
0090026,1,1,2.00,1.25,,
0090026,2,5,0.10,1.00,,
0090027,1,1,1.80,1.25,,
0090028,1,1,1.90,1.25,,
0090031,1,1,1.14,1.25,,
0090032,1,1,2.00,1.25,,
0090032,2,5,0.30,1.00,,
0090033,1,1,1.20,1.25,,
0090034,1,1,2.00,1.25,,
0090034,2,5,0.50,1.00,,
0090035,1,1,2.00,1.25,,
0090035,2,5,0.30,1.00,,
0090036,1,1,2.00,1.25,,
0090036,2,5,8.10,1.00,,
0090038,1,1,1.60,1.25,,
0090039,1,1,2.00,1.25,,
0090039,2,5,0.50,1.00,,
009004,1,1,1.80,1.25,,
0090041,1,1,2.00,1.25,,
0090042,1,1,1.90,1.25,,
0090043,1,1,1.90,1.25,,
0090044,1,1,1.90,1.25,,
0090045,1,6,3.80,0.80,,
0090046,1,1,2.00,1.25,,
0090046,2,5,1.00,1.00,,
0090047,1,6,29.50,1.00,,
0090048,1,1,1.50,1.25,,
0090049,1,1,2.00,1.25,,
0090049,2,5,5.10,1.00,,
009005,1,1,2.00,1.25,,
009005,2,5,0.50,1.00,,
0090051,1,1,2.00,1.25,,
0090051,2,5,1.00,1.00,,
0090052,1,1,2.00,1.50,,
0090052,2,5,1.10,1.00,,
0090053,1,1,2.00,1.50,,
0090053,2,5,1.10,1.00,,
0090054,1,1,2.00,1.25,,
0090054,2,5,1.50,1.00,,
0090055,1,1,2.00,1.25,,
0090055,2,5,1.40,1.00,,
0090057,1,1,2.00,1.25,,
0090057,2,5,6.15,1.00,,
0090058,1,1,2.00,1.50,,
0090058,2,5,5.37,1.00,,
0090059,1,6,16.00,1.50,,
0090061,1,1,2.00,1.50,,
0090061,2,5,4.40,1.00,,
0090062,1,1,2.00,0.50,,
0090062,2,5,1.20,0.80,,
0090063,1,1,2.00,0.80,,
0090063,2,5,1.10,0.80,,
0090064,1,6,3.80,0.70,,
0090066,1,6,3.70,0.70,,
0090067,1,1,2.00,1.50,,
0090067,2,5,6.80,0.80,,
0090068,1,6,3.90,0.70,,
0090069,1,1,2.00,1.25,,
0090069,2,5,4.20,0.70,,
009007,1,5,7.50,0.80,,
0090071,1,1,2.00,1.00,,
0090071,2,5,1.60,0.80,,
0090073,1,5,3.50,0.70,,
0090074,1,1,2.00,1.25,,
0090074,2,5,1.20,1.00,,
0090076,1,1,2.00,1.00,,
0090076,2,5,0.40,1.00,,
0090077,1,5,3.00,1.00,,
0090078,1,1,2.00,1.00,,
0090078,2,5,0.70,1.00,,
009008,1,1,2.00,1.25,,
009008,2,5,0.60,1.00,,
0090081,1,1,1.50,1.25,,
0090082,1,1,2.00,1.00,,
0090082,2,5,2.94,0.80,,
009008201,1,1,2.00,1.25,,
009008201,2,5,3.40,1.00,,
009008202,1,1,2.00,1.25,,
009008202,2,5,3.40,1.00,,
0090083,1,1,2.00,1.00,,
0090083,2,5,0.70,0.80,,
0090084,1,1,2.00,1.00,,
0090084,2,5,1.02,0.80,,
0090085,1,1,2.00,1.25,,
0090085,2,5,1.40,1.00,,
0090087,1,1,2.00,1.50,,
0090087,2,5,33.00,1.00,,
0120001,1,1,2.00,1.25,,
0120001,2,5,5.00,1.00,,
0120001,3,5,2.00,0.50,,
0120002,1,1,2.00,1.25,,
0120002,2,5,7.05,1.00,,
0120003,1,1,2.00,3.00,,
0120003,2,5,52.13,0.80,,
0120004,1,1,2.00,2.00,,
0120004,2,5,4.00,1.00,,
0120005,1,1,2.00,1.50,,
0120005,2,5,2.70,1.00,,
0120006,1,1,2.00,1.25,,
0120006,2,5,9.46,0.80,,
0120007,1,1,2.00,0.80,,
0120007,2,5,0.35,1.00,,
0120008,1,1,1.00,1.25,,
0120009,1,1,2.00,3.00,,
0120009,2,5,14.00,1.00,,
0120011,1,1,1.00,1.25,,
0120012,1,1,2.00,2.00,,
0120012,2,5,50.60,1.00,,
0120013,1,1,2.00,1.50,,
0120013,2,5,0.40,1.00,,
0120014,1,1,1.10,1.50,,
0120015,1,1,2.00,1.50,,
0120015,2,5,0.40,0.70,,
0120018,1,1,2.00,2.00,,
0120018,2,5,3.10,1.00,,
0120019,1,1,2.00,2.00,,
0120019,2,5,17.90,1.50,,
012002,1,1,2.00,1.50,,
012002,2,5,2.30,1.00,,
0120021,1,1,2.00,2.00,,
0120021,2,5,0.20,1.00,,
0120022,1,1,2.00,2.00,,
0120022,2,5,5.90,1.10,,
0120023,1,1,2.00,1.50,,
0120023,2,5,0.10,1.00,,
0120024,1,1,2.00,1.50,,
0120024,2,5,0.10,1.00,,
0120025,1,1,2.00,0.70,,
0120025,2,5,0.20,0.70,,
0120026,1,1,2.00,3.00,,
0120026,2,5,100.40,1.00,,
0120027,1,1,2.00,1.50,,
0120027,2,5,9.20,1.00,,
0120028,1,1,2.00,2.00,,
0120028,2,5,18.59,0.80,,
012003001,1,1,2.00,1.25,,
012003001,2,5,5.59,1.00,,
012003002,1,1,2.00,1.25,,
012003002,2,5,5.56,1.00,,
012003003,1,1,2.00,2.00,,
012003003,2,5,5.15,1.00,,
012003004,1,1,2.00,3.00,,
012003004,2,5,6.16,1.00,,
012003005,1,1,2.00,2.00,,
012003005,2,5,7.65,1.00,,
0120031,1,1,2.00,0.60,,
0120031,2,5,12.00,0.60,,
0120033,1,1,2.00,3.00,,
0120033,2,5,19.00,1.50,,
0120034,1,1,2.00,3.00,,
0120034,2,5,31.00,1.00,,
0120036,1,1,2.00,1.50,,
0120036,2,5,0.20,1.00,,
0120037,1,1,2.00,1.00,,
0120039,1,1,2.00,1.25,,
0120039,2,5,10.70,0.80,,
012004,1,1,2.00,3.00,,
012004,2,5,23.90,1.50,,
012005,1,1,2.00,3.00,,
012005,2,5,12.20,1.00,,
0140001,1,1,1.00,1.00,,
0140002,1,1,2.00,2.00,,
0140002,2,5,8.80,1.00,,
0140003,1,1,2.00,1.50,,
0140003,2,5,7.30,1.00,,
0140004,1,1,2.00,1.50,,
0140004,2,5,10.00,1.00,,
0140005,1,6,8.10,1.25,,
0140005,2,1,2.00,1.25,,
0140006,1,1,2.00,1.50,,
0140007,1,1,2.00,1.50,,
0140007,2,5,2.50,1.00,,
0140008,1,1,2.00,1.25,,
0140008,2,5,2.50,1.00,,
0140009,1,1,2.00,2.00,,
0140009,2,5,8.50,1.00,,
014000901,1,1,2.00,1.50,,
014000901,2,5,58.70,1.50,,
0140011,1,1,2.00,1.25,,
0140011,2,5,4.00,1.00,,
0140012,1,1,2.00,1.00,,
0140012,2,5,1.00,1.00,,
0140013,1,1,2.00,1.25,,
0140013,2,5,4.50,1.00,,
0140014,1,1,2.00,1.25,,
0140014,2,5,8.50,1.00,,
0140015,1,1,2.00,1.00,,
0140015,2,5,1.60,1.00,,
0160001,1,1,0.32,1.00,,
0160002,1,1,1.00,1.00,,
0160003,1,1,0.50,1.00,,
0160004,1,1,2.00,1.50,,
0160004,2,5,103.90,1.10,,
0160005,1,1,2.00,1.25,,
0160005,2,5,92.70,1.00,,
0160006,1,1,2.00,1.25,,
0160006,2,5,0.60,0.90,,
0160007,1,1,1.50,1.10,,
0160008,1,1,1.03,1.10,,
0160009,1,1,1.97,1.25,,
016001,1,1,0.86,0.20,,
0160011,1,1,0.25,0.60,,
0160012,1,1,0.54,0.60,,
0160013,1,1,2.00,0.60,,
0160013,2,5,1.00,0.60,,
0160014,1,1,0.25,1.00,,
0160015,1,5,78.30,0.50,,
0160016,1,1,2.00,1.10,,
0160016,2,5,0.50,1.00,,
0160017,1,1,2.00,1.10,,
0160017,2,5,17.50,1.00,,
0160018,1,1,2.00,0.80,,
0160018,2,5,8.00,0.60,,
016002,1,1,2.00,1.10,,
016002,2,5,20.70,1.00,,
016002001,1,1,2.00,1.25,,
016002001,2,5,2.00,1.00,,
0160021,1,1,1.20,1.10,,
016002301,1,1,2.00,1.10,,
016002301,2,5,3.00,1.00,,
0160024,1,1,2.00,1.10,,
0160024,2,5,5.00,1.00,,
0160025,1,1,2.00,1.10,,
0160025,2,5,3.40,1.00,,
0160026,1,1,1.01,1.00,,
0160027,1,1,2.00,1.10,,
0160027,2,5,2.70,1.00,,
0160028,1,1,2.00,1.25,,
0160028,2,5,49.80,1.00,,
016003,1,1,1.50,1.00,,
0160031,1,1,1.50,1.00,,
0160032,1,1,1.50,0.80,,
0160033,1,1,1.42,1.00,,
0160035,1,1,2.00,1.10,,
0160035,2,5,7.00,1.00,,
016003502,1,1,2.00,1.00,,
016003502,2,5,4.40,1.00,,
0160036,1,1,1.50,0.90,,
0160037,1,1,1.40,1.00,,
0160038,1,1,1.70,1.00,,
016003901,1,1,2.00,1.10,,
016003901,2,5,28.60,0.90,,
016003902,1,1,2.00,1.00,,
016003902,2,5,9.10,0.80,,
016003903,1,1,2.00,1.00,,
016003903,2,5,9.20,0.60,,
016004,1,1,2.00,1.00,,
0160041,1,5,30.00,0.50,,
016004101,1,5,34.00,0.50,,
016004102,1,1,2.00,2.00,,
016004102,2,5,38.00,0.70,,
0160042,1,1,2.00,1.00,,
0160042,2,5,26.40,0.90,,
0160044,1,1,2.00,1.00,,
0160044,2,5,14.94,0.80,,
016004401,1,1,1.22,1.00,,
0160045,1,1,2.00,1.10,,
0160045,2,5,5.30,0.90,,
0160046,1,1,2.00,3.00,,
0160046,2,5,57.75,2.00,,
01600461,1,1,2.00,3.50,,
01600461,2,5,65.60,2.00,,
01600462,1,1,2.00,2.00,,
01600462,2,5,10.75,1.00,,
0160047,1,1,2.00,1.50,,
0160047,2,5,21.00,1.00,,
0160049,1,6,115.00,0.80,,
016005,1,1,2.00,1.10,,
016005,2,5,14.00,1.00,,
0160051,1,1,2.00,1.00,,
0160051,2,5,4.26,0.50,,
016005101,1,1,2.00,1.25,,
016005101,2,5,8.09,0.80,,
016005102,1,1,2.00,1.00,,
016005102,2,5,6.91,1.00,,
0160052,1,6,64.00,1.35,,
016005201,1,1,2.00,1.00,,
016005201,2,5,2.70,0.80,,
016005202,1,1,2.00,1.10,,
016005202,2,5,0.70,0.80,,
016005203,1,1,2.00,1.10,,
016005203,2,5,1.42,0.70,,
0160053,1,1,2.00,1.10,,
0160053,2,5,6.00,1.00,,
0160054,1,1,2.00,1.00,,
0160054,2,5,3.00,0.90,,
016005501,1,1,2.00,1.00,,
016005501,2,5,0.27,1.00,,
016005502,1,1,2.00,1.00,,
016005502,2,5,0.28,1.00,,
016005503,1,1,2.00,1.00,,
016005503,2,5,0.12,1.00,,
016005504,1,1,2.00,1.10,,
016005504,2,5,0.15,1.10,,
016005505,1,1,1.22,1.10,,
016005507,1,1,2.00,1.10,,
016005507,2,5,2.12,1.00,,
016005509,1,1,2.00,1.10,,
016005509,2,5,0.25,1.10,,
016005510,1,1,2.00,1.10,,
016005510,2,5,0.79,1.10,,
016005511,1,1,2.00,1.10,,
016005511,2,5,0.48,1.10,,
016005512,1,1,2.00,1.10,,
016005512,2,5,0.50,1.10,,
016005513,1,1,2.00,1.10,,
016005513,2,5,0.30,1.10,,
016005515,1,1,2.00,1.00,,
016005515,2,5,2.88,1.00,,
016005516,1,1,1.11,1.10,,
0160056,1,1,2.00,2.00,,
0160056,2,7,2.00,1.00,,
0160056,3,5,20.50,1.00,,
0160057,1,1,2.00,1.25,,
0160057,2,5,9.70,0.80,,
0160058,1,1,2.00,1.50,,
0160058,2,5,1.00,1.50,,
0160059,1,1,2.00,2.00,,
0160059,2,5,63.50,1.00,,
016005901,1,1,2.00,1.50,,
016005901,2,5,10.70,1.50,,
016006000,1,1,2.00,1.50,,
016006000,2,5,14.65,1.50,,
0160061,1,1,2.00,1.00,,
0160061,2,5,1.20,1.00,,
0160062,1,1,1.00,0.80,,
0220001,1,1,2.00,1.00,,
0220001,2,5,0.22,1.00,,
0220003,1,1,2.00,1.10,,
0220003,2,5,4.80,0.60,,
022000301,1,1,2.00,1.00,,
022000301,2,5,0.20,1.00,,
0220004,1,1,1.00,0.50,,
0220005,1,1,2.00,1.50,,
0220005,2,5,77.28,1.50,,
022000501,1,5,1.80,1.00,,
0220006,1,1,2.00,1.25,,
0220007,1,1,2.00,1.25,,
0220007,2,7,2.00,0.80,,
0220007,3,5,2.60,0.80,,
0220009,1,1,2.00,1.25,,
0220009,2,5,2.00,1.00,,
022001,1,1,2.00,1.50,,
022001,2,7,2.00,1.00,,
022001,3,5,0.90,0.80,,
0220012,1,5,7.20,0.50,,
0220013,1,1,2.00,1.75,,
0220013,2,5,9.20,1.00,,
0220014,1,1,2.00,2.00,,
0220014,2,5,34.00,1.00,,
0220015,1,1,2.00,2.00,,
0220015,2,5,26.20,1.00,,
0220016,1,1,2.00,2.00,,
0220016,2,5,18.70,1.00,,
0220017,1,1,2.00,1.25,,
0220017,2,7,2.00,1.00,,
0220017,3,5,33.90,1.00,,
022001702,1,1,2.00,1.00,,
022001702,2,5,8.03,0.80,,
022001703,1,1,2.00,1.00,,
022001703,2,5,6.32,0.80,,
022001704,1,1,2.00,1.00,,
022001704,2,5,8.20,0.80,,
0230001,1,1,1.30,1.00,,
0230002,1,1,1.00,1.00,,
0230003,1,1,1.13,1.00,,
0230005,1,1,1.70,1.00,,
0230006,1,1,1.88,1.00,,
023000602,1,1,1.46,1.00,,
02300061,1,1,0.88,1.00,,
0230008,1,1,2.00,1.00,,
0230008,2,5,1.60,1.00,,
0230009,1,1,2.00,0.90,,
0230009,2,5,0.84,1.00,,
023001,1,1,1.50,1.25,,
02300101,1,1,1.50,1.00,,
02300102,1,6,14.20,1.50,,
02300103,1,6,11.00,1.50,,
0230011,1,1,0.50,1.25,,
0230012,1,1,1.44,0.90,,
0230013,1,1,1.50,1.00,,
023001301,1,1,1.06,1.00,,
023001302,1,1,2.00,1.15,,
023001302,2,5,9.50,0.70,,
023001303,1,1,2.00,1.50,,
023001303,2,5,20.00,0.70,,
023001304,1,1,1.15,1.00,,
023001305,1,1,1.51,1.00,,
023001401,1,1,2.00,1.50,,
023001401,2,5,25.50,0.80,,
023001402,1,6,29.60,1.75,,
023001403,1,1,2.00,1.25,,
023001403,2,5,1.00,1.00,,
023001404,1,1,2.00,1.25,,
023001404,2,5,1.20,1.00,,
023001405,1,1,2.00,1.25,,
023001405,2,5,27.60,0.60,,
023001501,1,1,2.00,4.00,,
023001501,2,5,199.60,0.80,,
023001502,1,1,2.00,1.50,,
023001502,2,5,11.10,0.70,,
0230016,1,6,49.00,1.25,,
023001701,1,1,2.00,2.25,,
023001701,2,5,20.50,0.80,,
0230018,1,1,2.00,1.50,,
0230018,2,5,8.25,0.80,,
0230019,1,1,2.00,1.75,,
0230019,2,5,15.08,0.80,,
0230021,1,1,2.00,2.50,,
0230021,2,5,8.11,1.00,,
0230022,1,1,2.00,2.50,,
0230022,2,5,8.29,1.00,,
023002201,1,1,2.00,1.25,,
023002201,2,5,4.80,1.00,,
0230023,1,1,2.00,2.00,,
0230023,2,7,2.00,1.00,,
0230023,3,5,14.95,0.90,,
023002301,1,1,2.00,2.00,,
023002301,2,5,6.05,0.80,,
0230024,1,1,1.24,2.50,,
023002501,1,1,2.00,1.00,,
023002501,2,5,2.00,0.80,,
023002502,1,1,2.00,1.00,,
023002502,2,5,2.20,0.80,,
023002503,1,1,2.00,1.10,,
023002503,2,5,0.50,1.00,,
023002504,1,1,2.00,0.90,,
023002504,2,5,0.20,1.00,,
023002506,1,6,3.00,0.80,,
02300251,1,1,2.00,1.10,,
02300251,2,5,8.25,0.80,,
0230026,1,1,2.00,1.00,,
0230026,2,5,1.00,0.80,,
023002601,1,1,2.00,1.10,,
023002601,2,5,2.40,0.80,,
023002602,1,1,2.00,1.50,,
023002602,2,5,0.40,1.00,,
023002603,1,1,2.00,0.60,,
023002603,2,5,4.40,0.60,,
023002604,1,1,2.00,1.25,,
023002604,2,5,1.00,1.00,,
0230028,1,1,2.00,1.25,,
0230028,2,5,4.00,0.90,,
0230029,1,1,2.00,1.00,,
0230029,2,5,0.75,1.00,,
023002901,1,1,2.00,1.10,,
023002901,2,5,4.30,0.80,,
0230031,1,6,10.60,1.00,,
0230032,1,1,2.00,1.00,,
0230032,2,5,1.00,0.80,,
023003201,1,6,57.40,1.00,,
023003203,1,1,2.00,1.50,,
023003203,2,5,30.00,1.00,,
023003204,1,1,2.00,1.10,,
023003204,2,5,13.50,0.80,,
0230033,1,1,2.00,1.00,,
0230033,2,5,7.30,0.80,,
0230034,1,1,2.00,2.50,,
0230034,2,5,11.60,1.00,,
0230035,1,1,2.00,2.00,,
0230035,2,5,10.70,0.80,,
0230036,1,1,2.00,2.00,,
0230036,2,5,9.70,0.70,,
0230037,1,1,2.00,1.50,,
0230037,2,5,1.00,0.80,,
0230039,1,1,2.00,1.50,,
0230039,2,5,5.26,1.00,,
023003901,1,1,2.00,2.50,,
023003901,2,5,8.10,0.80,,
023003902,1,1,2.00,1.50,,
023003902,2,5,28.02,1.00,,
023003903,1,1,2.00,1.50,,
023003903,2,5,16.15,1.00,,
023003905,1,1,2.00,1.50,,
023003905,2,5,3.60,1.00,,
023003906,1,1,2.00,1.50,,
023003906,2,5,3.10,1.00,,
023003907,1,1,2.00,1.50,,
023003907,2,5,3.80,1.00,,
023003908,1,1,2.00,1.25,,
023003908,2,5,3.00,1.00,,
023003909,1,1,2.00,1.50,,
023003909,2,5,4.20,1.00,,
023003910,1,1,2.00,2.00,,
023003910,2,5,8.80,1.00,,
023003911,1,1,2.00,2.00,,
023003911,2,5,10.70,1.00,,
023003912,1,5,112.00,0.80,,
0230041,1,1,2.00,1.50,,
0230041,2,5,5.01,0.80,,
0230042,1,1,2.00,2.50,,
0230042,2,5,8.10,2.00,,
0230043,1,1,2.00,2.25,,
0230043,2,5,8.10,0.90,,
0230044,1,1,1.75,1.25,,
0230045,1,1,1.00,1.25,,
0230046,1,1,2.00,1.50,,
0230046,2,5,18.00,1.00,,
023005,1,1,2.00,1.50,,
0230051,1,1,1.80,1.50,,
0230052,1,1,2.00,1.25,,
0230053,1,1,2.00,1.25,,
0230053,2,5,2.00,1.00,,
0230054,1,1,2.00,3.00,,
0230054,2,5,138.13,1.50,,
023005402,1,1,2.00,1.25,,
023005402,2,5,61.45,1.00,,
023005403,1,6,117.40,0.80,,
0230055,1,1,2.00,1.00,,
0230055,2,5,85.00,1.00,,
023005501,1,1,2.00,1.25,,
023005501,2,5,1.65,1.00,,
023005503,1,6,18.00,1.00,,
0230056,1,1,2.00,1.50,,
0230056,2,5,3.40,1.00,,
0230057,1,1,2.00,1.25,,
0230057,2,5,2.89,1.00,,
023006,1,1,2.00,1.00,,
023006,2,5,5.00,1.00,,
0230061,1,1,2.00,1.00,,
0230061,2,5,2.00,1.00,,
023006101,1,1,2.00,1.50,,
023006101,2,5,6.00,0.80,,
0230062,1,1,2.00,1.10,,
0230062,2,5,8.25,0.80,,
0230063,1,1,2.00,1.00,,
0230063,2,5,2.85,0.80,,
023006308,1,1,2.00,1.25,,
023006308,2,5,8.40,0.80,,
0230064,1,1,2.00,1.00,,
0230064,2,5,6.30,0.80,,
0230067,1,1,2.00,1.25,,
0230067,2,5,0.40,1.00,,
0230068,1,1,2.00,1.50,,
0230068,2,5,0.90,1.00,,
0230069,1,1,2.00,1.50,,
0230069,2,5,0.70,1.00,,
023007,1,1,2.00,1.50,,
023007,2,5,1.50,1.00,,
0230071,1,1,2.00,1.75,,
0230071,2,5,11.00,0.90,,
0230072,1,1,2.00,2.00,,
0230072,2,5,8.33,0.60,,
0230073,1,1,2.00,1.50,,
0230073,2,5,13.13,0.80,,
0230074,1,1,2.00,3.00,,
0230074,2,5,20.30,0.80,,
023007401,1,6,150.24,1.25,,
023007401,2,1,2.00,1.25,,
0230075,1,1,2.00,2.00,,
0230075,2,5,0.97,1.00,,
0230077,1,5,75.00,0.50,,
0230078,1,5,80.00,0.70,,
0230079,1,6,93.00,0.50,,
023008,1,1,2.00,1.00,,
023008,2,5,153.59,0.80,,
0230082,1,1,2.00,2.00,,
0230082,2,5,8.01,1.00,,
023008201,1,1,2.00,2.00,,
023008201,2,5,8.01,1.00,,
0230083,1,1,2.00,3.00,,
0230083,2,5,30.00,0.90,,
0230084,1,1,2.00,3.00,,
0230084,2,5,20.60,0.90,,
0230085,1,1,2.00,3.00,,
0230085,2,5,18.80,1.00,,
0230086,1,1,2.00,4.00,,
0230086,2,5,68.00,1.50,,
023008601,1,1,2.00,4.00,,
023008601,2,5,81.00,0.80,,
023008602,1,1,2.00,2.00,,
023008602,2,5,6.50,1.00,,
023008603,1,1,2.00,1.50,,
023008603,2,5,2.30,1.00,,
023008604,1,1,2.00,2.00,,
023008604,2,5,10.80,1.00,,
023009,1,1,2.00,2.00,,
023009,2,5,2.96,1.00,,
0230091,1,1,2.00,1.50,,
0230091,2,5,12.40,1.00,,
0230093,1,1,2.00,1.50,,
0230093,2,5,1.00,1.00,,
0230094,1,1,2.00,3.00,,
0230094,2,5,11.60,1.00,,
0280001,1,1,2.00,1.25,,
0280001,2,5,5.00,1.00,,
028000101,1,1,2.00,1.00,,
028000101,2,5,0.60,1.00,,
0280002,1,1,2.00,1.00,,
0280002,2,5,3.00,0.80,,
028000201,1,1,2.00,1.00,,
028000201,2,5,1.50,1.00,,
028000202,1,1,2.00,1.00,,
028000202,2,5,17.60,0.90,,
0280003,1,1,2.00,0.80,,
0280003,2,5,61.03,0.80,,
028000301,1,1,2.00,1.00,,
028000301,2,5,4.45,0.80,,
028000302,1,1,1.20,1.00,,
028000303,1,1,2.00,1.00,,
028000303,2,5,0.45,1.00,,
0280004,1,1,2.00,1.00,,
0280004,2,5,2.70,0.80,,
0280006,1,1,2.00,1.00,,
0280009,1,1,2.00,1.00,,
0280009,2,5,1.00,1.00,,
028001,1,1,2.00,1.00,,
028001,2,5,1.40,1.00,,
0280012,1,1,0.75,1.00,,
0280015,1,1,1.32,1.00,,
028001501,1,1,2.00,1.00,,
028001501,2,5,0.28,1.00,,
0280016,1,1,2.00,1.00,,
0280017,1,1,2.00,1.00,,
0280018,1,1,2.00,1.25,,
0280018,2,5,4.70,1.00,,
0280019,1,1,2.00,1.00,,
0280019,2,5,0.18,1.00,,
028001901,1,1,2.00,1.00,,
028001901,2,5,1.42,1.00,,
028001902,1,1,2.00,1.00,,
028001902,2,5,0.80,1.00,,
028001903,1,1,0.43,1.00,,
028001904,1,1,2.00,1.00,,
028001904,2,5,8.10,0.90,,
028001905,1,1,2.00,0.90,,
028001905,2,5,15.46,0.60,,
028001906,1,1,0.70,0.80,,
028001907,1,1,2.00,1.00,,
028001907,2,5,5.00,0.80,,
028002,1,1,2.00,1.25,,
028002,2,5,3.00,1.00,,
0280021,1,1,2.00,1.25,,
0280021,2,5,8.69,1.00,,
0280022,1,1,2.00,1.50,,
0280022,2,5,3.29,1.00,,
0280023,1,1,2.00,2.50,,
0280023,2,5,0.85,1.00,,
028002301,1,1,2.00,1.00,,
028002301,2,5,3.51,1.00,,
028002302,1,1,2.00,1.25,,
028002302,2,5,5.50,1.00,,
02800231,1,1,2.00,2.50,,
02800231,2,5,0.85,1.00,,
02800232,1,1,2.00,1.25,,
02800232,2,5,5.00,1.00,,
0280024,1,1,2.00,1.25,,
0280024,2,5,8.10,1.00,,
028002401,1,1,2.00,1.25,,
028002401,2,5,1.10,1.00,,
028002402,1,1,2.00,1.00,,
028002403,1,1,2.00,1.50,,
028002403,2,5,2.78,1.00,,
028002404,1,1,2.00,1.50,,
028002404,2,5,1.75,1.00,,
0280025,1,1,2.00,1.25,,
0280025,2,5,45.00,1.25,,
0280025,3,7,2.00,0.70,,
0280026,1,1,2.00,1.00,,
0280026,2,5,17.20,0.80,,
028002601,1,1,2.00,1.25,,
028002601,2,5,11.00,0.80,,
028002701,1,1,2.00,2.00,,
028002701,2,5,43.40,0.80,,
02800281,1,5,3.27,5.00,,
02800282,1,1,2.00,1.20,,
02800282,2,5,365.00,1.20,,
0280031,1,1,2.00,2.00,,
0280031,2,5,0.07,1.00,,
0280032,1,1,1.50,1.25,,
0280033,1,5,0.60,0.80,,
0280034,1,1,0.52,1.00,,
0280035,1,1,1.10,1.00,,
0280036,1,1,1.33,1.00,,
0280037,1,1,2.00,1.10,,
0280037,2,5,1.64,0.80,,
028003701,1,6,8.16,0.70,,
028004,1,1,0.58,1.00,,
0280041,1,1,2.00,1.25,,
0280041,2,5,3.75,1.00,,
0280044,1,5,0.70,0.80,,
0280045,1,1,1.40,1.25,,
0280046,1,5,0.40,0.80,,
0280047,1,5,5.00,0.80,,
0280048,1,6,123.40,1.25,,
0280049,1,1,2.00,1.00,,
0280049,2,5,1.50,1.00,,
028005,1,1,2.00,1.25,,
028005,2,5,198.00,1.00,,
02800503,1,1,2.00,1.50,,
02800503,2,5,1.60,1.00,,
0280051,1,1,2.00,1.25,,
0280051,2,5,5.40,1.00,,
028005101,1,1,2.00,2.00,,
028005101,2,5,24.02,0.70,,
028005102,1,1,2.00,1.00,,
028005102,2,5,8.00,0.90,,
028005103,1,1,2.00,1.25,,
028005103,2,5,1.50,0.80,,
028005105,1,1,2.00,1.25,,
028005105,2,5,0.78,0.90,,
0280053,1,1,2.00,1.50,,
0280053,2,5,86.40,1.00,,
0280054,1,6,8.10,1.25,,
0280056,1,1,2.00,1.50,,
0280056,2,5,5.20,0.80,,
0280057,1,6,8.30,1.25,,
0380001,1,1,2.00,1.50,,
0380001,2,5,8.10,1.00,,
038000101,1,1,2.00,1.25,,
038000101,2,5,3.00,1.00,,
038000102,1,1,2.00,1.00,,
038000102,2,5,10.00,1.00,,
038000103,1,1,2.00,1.10,,
038000103,2,5,13.80,0.90,,
0380002,1,5,209.00,0.70,,
038000301,1,6,54.00,0.60,,
038000302,1,6,18.00,0.80,,
0380005,1,1,2.00,1.25,,
0380005,2,5,2.90,1.00,,
0380007,1,1,2.00,1.10,,
0380007,2,5,0.50,1.00,,
0380008,1,1,2.00,1.25,,
0380008,2,7,2.00,1.00,,
0380008,3,5,45.04,0.70,,
038000801,1,1,2.00,1.25,,
038000801,2,5,1.56,1.00,,
0380009,1,1,1.00,1.25,,
0380011,1,1,2.00,1.10,,
0380011,2,5,11.72,1.00,,
0380012,1,1,2.00,1.25,,
0380012,2,5,2.07,1.00,,
0380013,1,1,2.00,1.25,,
0380013,2,5,2.70,1.00,,
0380014,1,1,2.00,1.50,,
0380014,2,5,15.43,1.00,,
0380016,1,1,2.00,1.25,,
0380016,2,5,1.00,0.90,,
0380017,1,6,2.00,0.80,,
0380018,1,1,1.30,1.10,,
038002,1,1,2.00,2.00,,
038002,2,5,4.70,1.00,,
0380021,1,1,1.40,0.80,,
0380022,1,1,2.00,1.25,,
0380022,2,5,1.29,1.00,,
0380023,1,1,2.00,1.50,,
0380023,2,5,3.17,1.00,,
038002301,1,1,2.00,0.80,,
038002301,2,5,0.51,0.80,,
0380025,1,1,1.00,1.00,,
0380026,1,1,1.50,1.00,,
0380027,1,1,2.00,1.00,,
0380028,1,1,2.00,1.25,,
0380028,2,5,2.00,1.00,,
038002801,1,1,2.00,1.00,,
038002801,2,5,2.00,0.70,,
0380029,1,1,2.00,1.00,,
0380029,2,5,2.00,0.80,,
038003,1,1,1.50,1.00,,
0380031,1,5,54.82,1.00,,
0380032,1,1,2.00,1.10,,
0380032,2,5,2.80,1.00,,
0380034,1,1,1.00,0.90,,
0380035,1,1,2.00,1.50,,
0380035,2,5,23.80,1.00,,
038003501,1,1,2.00,1.25,,
038003501,2,5,3.20,1.00,,
0380037,1,1,2.00,1.50,,
0380037,2,5,4.80,0.80,,
0380038,1,1,2.00,1.00,,
0380038,2,5,0.40,1.00,,
038004,1,1,2.00,1.00,,
0380041,1,1,2.00,1.50,,
0380041,2,5,9.00,0.70,,
038004101,1,1,2.00,1.00,,
038004101,2,5,2.00,0.80,,
0380042,1,1,2.00,0.90,,
0380042,2,5,12.33,0.70,,
0380043,1,1,2.00,1.00,,
0380043,2,5,7.40,0.80,,
0380044,1,6,10.30,0.50,,
0380045,1,1,2.00,1.00,,
0380045,2,5,7.40,0.80,,
0380046,1,1,2.00,1.00,,
0380046,2,5,24.00,0.70,,
0380047,1,1,2.00,1.00,,
0380047,2,5,11.70,0.80,,
0380049,1,1,2.00,1.50,,
0380049,2,5,36.00,1.00,,
038004901,1,1,2.00,0.80,,
038004901,2,5,10.90,0.80,,
038004902,1,1,2.00,1.00,,
038004902,2,5,36.00,1.00,,
038004903,1,1,2.00,0.80,,
038004903,2,5,47.50,0.80,,
048000101,1,1,2.00,1.25,,
048000101,2,5,1.60,0.80,,
048000102,1,1,2.00,1.50,,
048000102,2,5,2.11,0.80,,
048000104,1,1,2.00,1.50,,
048000104,2,5,9.96,0.80,,
048000105,1,1,2.00,2.00,,
048000105,2,5,3.60,1.00,,
048000106,1,1,2.00,2.00,,
048000106,2,5,9.00,0.80,,
048000107,1,1,2.00,1.00,,
048000107,2,5,5.80,0.80,,
048000108,1,1,2.00,1.50,,
048000108,2,5,2.96,0.80,,
048000109,1,1,2.00,1.25,,
048000109,2,5,2.80,0.80,,
048000110,1,1,2.00,1.50,,
048000110,2,5,6.20,0.80,,
048000111,1,1,2.00,1.50,,
048000111,2,5,5.47,0.80,,
048000112,1,1,2.00,1.25,,
048000112,2,5,4.35,0.80,,
048000113,1,1,2.00,1.25,,
048000113,2,5,3.30,0.80,,
048000114,1,1,2.00,1.50,,
048000114,2,5,4.20,0.80,,
048000115,1,1,2.00,1.50,,
048000115,2,5,2.30,0.80,,
048000116,1,1,2.00,1.25,,
048000116,2,5,1.60,1.00,,
048000117,1,1,2.00,1.50,,
048000117,2,5,1.00,0.80,,
048000118,1,1,2.00,1.50,,
048000118,2,5,2.10,0.80,,
048000119,1,6,5.10,1.50,,
048000120,1,1,2.00,1.00,,
048000120,2,5,5.90,1.00,,
0480002,1,1,1.40,1.00,,
0480003,1,1,2.00,1.10,,
0480003,2,5,1.50,1.10,,
0480004,1,1,1.30,1.10,,
0480005,1,1,2.00,1.50,,
0480005,2,5,0.80,1.50,,
0480007,1,1,1.20,2.00,,
0480008,1,1,1.20,1.25,,
0480009,1,1,1.00,1.50,,
048001,1,1,1.50,1.25,,
0480011,1,1,1.00,1.25,,
0480012,1,1,2.00,1.50,,
0480012,2,5,7.60,1.25,,
048001201,1,6,3.00,0.80,,
048001202,1,1,2.00,2.50,,
048001202,2,5,1.50,2.25,,
048001220,1,1,2.00,1.50,,
048001220,2,5,1.00,1.00,,
0480013,1,1,1.30,1.00,,
0480014,1,1,1.50,1.10,,
0480015,1,1,2.00,1.00,,
0480016,1,1,1.10,1.00,,
0480017,1,1,1.08,1.00,,
0480018,1,1,1.20,0.90,,
048001801,1,1,1.30,1.00,,
0480019,1,1,0.82,1.00,,
048002,1,1,1.00,1.25,,
0480021,1,1,1.25,1.25,,
0480022,1,1,0.52,1.00,,
0480023,1,1,0.82,1.00,,
0480024,1,1,1.55,1.00,,
0480025,1,1,1.59,1.50,,
0480026,1,1,2.00,1.00,,
0480026,2,5,1.48,1.00,,
0480027,1,1,2.00,1.00,,
0480027,2,5,0.97,1.00,,
0480028,1,1,2.00,1.50,,
0480028,2,5,2.64,1.00,,
0480029,1,1,2.00,1.50,,
0480029,2,5,1.10,1.00,,
048003101,1,1,2.00,1.50,,
048003101,2,5,3.60,1.00,,
048003102,1,1,2.00,1.25,,
048003102,2,5,3.70,1.00,,
048003103,1,1,2.00,1.00,,
048003103,2,5,3.50,1.00,,
048003104,1,1,2.00,1.25,,
048003104,2,5,3.40,1.00,,
048003105,1,1,2.00,1.00,,
048003105,2,5,2.00,1.00,,
0480032,1,1,0.50,1.25,,
048003601,1,1,2.00,1.50,,
048003601,2,5,6.90,1.00,,
0530001,1,1,2.00,1.00,,
0530001,2,5,6.66,0.80,,
0530002,1,1,1.00,1.00,,
0530004,1,1,1.25,1.00,,
0530005,1,1,1.00,1.00,,
0530006,1,1,1.50,0.80,,
0530007,1,1,2.00,2.00,,
0530007,2,5,31.76,1.00,,
0530008,1,1,2.00,1.25,,
0530008,2,5,1.55,1.00,,
0530009,1,6,72.50,1.50,,
053001001,1,1,2.00,1.75,,
053001001,2,5,112.00,0.80,,
0530011,1,1,2.00,1.25,,
0530011,2,5,3.44,1.00,,
0530013,1,1,1.00,1.00,,
0530014,1,1,0.90,1.50,,
0530015,1,1,1.10,1.25,,
0530016,1,1,0.70,1.25,,
0530017,1,1,1.00,1.00,,
0530018,1,1,1.00,1.00,,
0530019,1,1,0.30,1.00,,
053002,1,1,1.87,1.00,,
0530021,1,6,1.20,1.10,,
053002101,1,1,1.04,1.00,,
0530022,1,1,2.00,1.00,,
0530022,2,5,2.00,1.00,,
0530023,1,1,1.10,1.00,,
0530024,1,1,1.00,1.00,,
0530025,1,1,0.90,1.00,,
0530026,1,1,1.20,1.00,,
0530027,1,1,1.50,1.00,,
0530028,1,1,2.00,1.00,,
0530028,2,5,0.50,1.00,,
0530031,1,1,2.00,1.00,,
0530031,2,5,1.00,1.00,,
0530033,1,1,0.66,1.00,,
0530034,1,1,1.54,1.00,,
0530035,1,1,1.50,0.70,,
0530036,1,6,2.71,1.00,,
053003601,1,1,1.19,1.00,,
0530037,1,1,2.00,1.25,,
0530037,2,5,0.10,1.00,,
053003701,1,1,2.00,1.25,,
053003701,2,5,0.40,1.00,,
053003702,1,1,1.60,1.25,,
053003704,1,1,2.00,1.00,,
053003704,2,5,3.39,0.80,,
0530038,1,1,0.75,1.00,,
0530039,1,1,0.60,1.00,,
053004,1,1,0.50,0.90,,
0530041,1,1,0.75,0.70,,
0530042,1,1,1.10,1.00,,
0530043,1,1,1.00,1.00,,
0530044,1,1,0.50,1.00,,
0530045,1,1,0.45,0.90,,
0530046,1,1,0.62,1.00,,
053004601,1,1,2.00,1.00,,
053004601,2,5,1.10,1.00,,
053004602,1,1,0.77,1.00,,
0530047,1,1,2.00,1.00,,
0530047,2,5,0.60,1.00,,
0530048,1,1,2.00,1.00,,
0530048,2,5,2.20,1.00,,
053005,1,1,0.68,0.60,,
1000001,1,1,2.00,1.00,,
1000001,2,5,17.83,0.60,,
1000003,1,1,2.00,1.00,,
1000003,2,5,9.65,0.90,,
1000004,1,1,2.00,1.00,,
1000004,2,5,18.20,0.90,,
1000004,3,5,1.40,,,
100000401,1,6,124.50,0.74,,
100000401,2,5,53.66,,,
1000005,1,6,15.00,0.90,,
1000008,1,1,2.00,1.00,,
1000008,2,5,3.90,1.00,,
100001,1,1,0.48,1.00,,
1000011,1,1,2.00,1.00,,
1000011,2,5,72.46,0.70,,
100001101,1,1,2.00,1.00,,
100001101,2,5,0.77,0.90,,
100001102,1,1,1.77,1.00,,
1000013,1,1,2.00,0.70,,
1000013,2,5,0.52,0.40,,
1000014,1,1,0.15,0.60,,
1000016,1,5,5.55,0.70,,
1000019,1,1,0.30,1.50,,
100002001,1,1,1.90,1.00,,
1000022,1,1,2.00,1.25,,
1000022,2,5,89.25,0.80,,
1000024,1,1,2.00,0.80,,
1000025,1,1,1.32,1.00,,
1000026,1,1,1.00,1.00,,
1000027,1,1,2.00,1.00,,
1000027,2,5,169.30,1.00,,
100002902,1,1,0.20,2.00,,
100002931,1,1,0.48,2.00,,
100002932,1,1,0.27,2.00,,
100002933,1,1,0.27,2.00,,
100002934,1,1,0.27,2.00,,
100003,1,5,1.64,0.10,,
1000031,1,1,1.00,0.90,,
100003101,1,5,78.30,0.50,,
1000032,1,1,2.00,1.25,,
1000032,2,5,0.25,1.00,,
1000033,1,1,2.00,1.50,,
1000033,2,5,103.10,1.00,,
1000035,1,1,2.00,1.00,,
1000035,2,5,2.50,0.70,,
1000036,1,1,2.00,1.00,,
1000036,2,5,8.87,0.60,,
100003601,1,1,2.00,1.25,,
100003602,1,1,1.53,1.10,,
1000037,1,1,2.00,1.00,,
1000037,2,5,10.89,0.80,,
1000038,1,1,1.00,1.00,,
100003801,1,1,1.00,1.00,,
100003802,1,1,0.60,1.50,,
1000041,1,1,2.00,1.00,,
1000041,2,5,1.00,1.50,,
1000041,3,5,16.50,0.80,,
1000042,1,1,2.00,1.00,,
1000044,1,1,2.00,1.00,,
1000044,2,5,2.95,0.80,,
1000045,1,1,2.00,1.00,,
1000045,2,5,0.50,0.80,,
1000046,1,1,2.00,0.60,,
100004601,1,6,135.80,0.80,,
1000047,1,6,51.50,0.80,,
1000048,1,1,2.00,0.70,,
1000048,2,5,33.00,0.70,,
100005,1,1,2.00,0.90,,
100005001,1,6,43.20,1.00,,
1000051,1,1,2.00,0.90,,
1000052,1,6,79.00,0.60,,
1000053,1,1,2.00,1.00,,
1000053,2,5,1.56,0.80,,
1000054,1,1,2.00,1.10,,
1000054,2,5,6.00,0.80,,
1000055,1,1,2.00,0.90,,
1000055,2,5,3.00,0.70,,
100005501,1,5,1.00,0.80,,
1000056,1,1,2.00,1.00,,
1000057,1,1,2.00,0.90,,
1000057,2,5,0.30,0.70,,
100006,1,1,2.00,1.50,,
100006,2,5,33.50,1.00,,
1000061,1,1,2.00,0.80,,
1000061,2,5,1.20,0.70,,
100006102,1,1,2.00,1.00,,
100006102,2,5,7.74,0.60,,
1000062,1,1,2.00,0.90,,
1000062,2,5,37.94,0.50,,
100006201,1,1,2.00,1.00,,
100006201,2,5,1.03,0.80,,
1000063,1,1,2.00,1.00,,
1000063,2,5,37.53,0.80,,
1000064,1,1,2.00,1.00,,
1000064,2,5,9.50,0.80,,
1000065,1,1,2.00,1.25,,
1000065,2,5,21.00,0.80,,
1000067,1,1,0.60,0.70,,
1000069,1,1,2.00,1.25,,
1000069,2,5,22.70,0.80,,
100007,1,1,2.00,0.90,,
100007,2,5,48.00,0.80,,
1000071,1,1,1.00,0.70,,
210001,1,1,0.27,1.50,,
210002,1,1,0.20,1.50,,
210003,1,1,0.25,1.50,,
210004,1,1,0.20,1.50,,
210005,1,1,1.20,1.25,,
2100051,1,1,0.60,1.25,,
210006,1,1,0.40,1.25,,
210007,1,1,0.30,1.25,,
210008,1,1,0.30,1.25,,
210009,1,1,0.20,1.25,,
210010,1,1,0.30,1.25,,
210011,1,1,0.60,1.25,,
210012,1,1,0.70,1.25,,
210013,1,1,0.50,1.25,,
210014,1,1,0.40,1.25,,
210015,1,1,1.00,1.25,,
210016,1,1,1.00,1.25,,
210017,1,1,0.60,1.25,,
210018,1,1,1.10,1.25,,
210019,1,1,1.40,1.25,,
210020,1,1,0.70,1.00,,
210021,1,1,0.70,1.25,,
210022,1,1,0.60,1.25,,
210023,1,1,1.30,1.25,,
210024,1,1,1.00,1.25,,
210025,1,1,0.80,1.25,,
210026,1,1,1.70,1.25,,
210027,1,1,1.20,1.00,,
210028,1,1,1.50,1.25,,
210029,1,1,1.00,1.50,,
210030,1,1,1.40,1.25,,
210031,1,1,1.00,1.25,,
210032,1,1,1.00,1.25,,
210033,1,1,1.00,1.50,,
210034,1,1,1.00,1.25,,
210035,1,1,1.33,1.25,,
210036,1,1,1.20,1.25,,
210037,1,1,1.00,1.25,,
210038,1,1,1.30,1.25,,
210039,1,1,0.60,1.25,,
210040,1,1,2.00,1.50,,
210040,2,5,0.10,1.00,,
210041,1,1,2.00,1.50,,
210041,2,5,1.00,0.70,,
210042,1,1,1.40,1.50,,
210043,1,1,0.90,1.50,,
210044,1,6,1.40,1.00,,
221001,1,1,1.30,1.25,,
221002,1,1,1.10,1.25,,
221003,1,1,0.50,1.25,,
221004,1,1,0.80,1.25,,
221005,1,1,0.85,1.00,,
2210051,1,1,0.50,0.50,,
221006,1,1,0.50,1.00,,
221007,1,1,0.45,0.80,,
221008,1,1,0.60,1.25,,
221009,1,1,0.50,1.25,,
221010,1,1,0.60,1.50,,
221011,1,6,0.80,0.21,,
250010,1,6,207.40,1.10,,
250011,1,1,2.00,2.00,,
250011,2,5,211.00,1.00,,
250020,1,6,1020.50,1.20,,
250020,2,6,1520.00,,,
412001,1,1,0.96,0.80,,
412005,1,1,1.05,0.70,,
412006,1,5,0.15,0.80,,
412007,1,5,0.11,0.80,,
412008,1,5,0.11,0.80,,
412009,1,5,0.33,0.80,,
412012,1,5,0.14,0.80,,
412013,1,5,0.14,0.80,,
412014,1,5,0.10,0.80,,
412016,1,5,0.10,0.80,,
412018,1,5,0.20,0.80,,
412019,1,5,0.10,0.80,,
412020,1,5,0.80,0.80,,
412021,1,5,0.20,0.80,,
412023,1,5,0.12,0.80,,
412024,1,5,0.38,0.80,,
412025,1,5,0.20,0.80,,
412026,1,5,0.20,0.80,,
412028,1,5,0.75,0.80,,
412029,1,5,0.40,0.80,,
412030,1,5,0.21,0.80,,
412031,1,1,0.22,1.00,,
412032,1,1,2.00,1.00,,
412032,2,5,0.40,1.00,,
412033,1,5,0.22,1.00,,
412034,1,5,1.00,0.80,,
412036,1,5,0.27,0.80,,
412037,1,5,0.50,0.80,,
412038,1,5,0.17,0.80,,
412039,1,5,0.06,0.80,,
412040,1,5,0.13,0.80,,
412042,1,5,0.48,0.80,,
412043,1,5,0.11,0.80,,
412044,1,5,0.12,0.80,,
412045,1,5,0.12,0.80,,
412046,1,1,1.28,1.00,,
412048,1,5,0.22,0.70,,
412050,1,5,0.14,0.80,,
412051,1,5,0.12,0.70,,
412052,1,5,1.10,0.80,,
412053,1,5,0.10,0.80,,
412054,1,5,0.12,0.70,,
412055,1,5,0.08,0.80,,
412056,1,5,0.05,0.80,,
412057,1,1,1.70,1.00,,
412058,1,5,0.15,0.80,,
412059,1,5,0.10,0.80,,
412060,1,5,0.20,0.80,,
412062,1,1,1.27,1.25,,
412063,1,5,0.20,0.80,,
412065,1,5,0.10,0.80,,
412066,1,5,0.10,0.80,,
412067,1,1,2.00,0.90,,
412067,2,5,1.02,0.90,,
412070,1,5,0.10,0.80,,
412071,1,5,0.10,0.80,,
412072,1,5,0.35,0.80,,
412073,1,5,0.10,0.80,,
412074,1,5,0.30,0.80,,
412075,1,5,0.45,0.80,,
412076,1,5,0.10,0.80,,
412077,1,5,0.10,0.80,,
412078,1,5,0.10,0.80,,
412079,1,5,0.13,0.80,,
412080,1,5,0.38,0.80,,
417001,1,1,1.42,1.00,,
417002,1,1,1.11,1.10,,
417005,1,1,0.80,1.10,,
417006,1,1,0.30,1.00,,
417007,1,5,0.30,0.80,,
417008,1,5,0.30,0.80,,
417011,1,1,1.15,0.70,,
417012,1,5,0.20,0.80,,
417013,1,5,0.10,0.80,,
417016,1,5,0.22,0.80,,
417018,1,5,0.16,0.80,,
417019,1,5,0.16,0.80,,
417020,1,5,0.16,0.80,,
417022,1,1,0.20,1.00,,
417027,1,1,2.00,1.00,,
417027,2,5,0.10,1.00,,
417030,1,5,0.15,0.80,,
417031,1,1,0.35,1.00,,
417032,1,5,0.38,0.80,,
417033,1,1,2.00,1.25,,
417033,2,5,0.30,1.00,,
417035,1,5,0.10,0.80,,
417036,1,5,0.13,0.80,,
417039,1,5,0.32,0.80,,
417042,1,1,1.92,1.00,,
417043,1,1,0.65,1.25,,
417044,1,1,0.49,1.25,,
417045,1,5,0.20,0.80,,
417050,1,1,1.10,1.10,,
417052,1,5,0.20,0.80,,
417053,1,5,0.20,0.80,,
417054,1,5,0.20,0.80,,
417055,1,5,0.20,0.80,,
417057,1,5,0.20,0.80,,
417058,1,1,0.75,1.10,,
417059,1,1,1.31,1.10,,
417061,1,5,0.20,0.80,,
417062,1,1,0.60,1.00,,
417063,1,5,0.20,0.80,,
417064,1,5,0.20,0.80,,
417065,1,5,0.20,0.80,,
417067,1,5,0.22,0.80,,
417068,1,1,0.48,1.00,,
417070,1,5,0.20,0.80,,
417071,1,5,0.20,0.80,,
417072,1,5,0.33,0.80,,
417073,1,5,0.33,0.80,,
417074,1,6,0.82,0.70,,
417075,1,1,1.10,1.10,,
417076,1,5,0.08,0.80,,
417077,1,5,0.09,0.80,,
417078,1,5,0.19,0.80,,
417079,1,5,0.20,0.80,,
417080,1,1,0.34,1.10,,
417082,1,5,0.46,0.80,,
417083,1,5,0.12,0.80,,
4170831,1,5,0.24,0.80,,
417085,1,1,1.45,1.10,,
417088,1,5,0.20,0.80,,
417089,1,5,0.20,0.80,,
417090,1,6,1.26,0.70,,
417091,1,5,0.40,0.80,,
417092,1,1,0.90,0.70,,
417093,1,1,1.08,1.25,,
417094,1,1,1.70,1.10,,
4170981,1,5,0.10,0.80,,
417099,1,1,2.00,0.80,,
417099,2,5,1.17,0.80,,
417101,1,5,0.24,0.80,,
417104,1,5,0.26,0.80,,
417106,1,5,0.20,0.80,,
417107,1,5,0.14,0.80,,
417108,1,5,0.29,0.80,,
417109,1,5,0.18,0.80,,
417110,1,5,0.16,0.80,,
417111,1,5,0.13,0.80,,
417112,1,5,0.16,0.80,,
417113,1,5,0.38,0.80,,
417114,1,5,0.11,0.80,,
417115,1,5,0.10,0.80,,
417116,1,5,0.18,0.80,,
417117,1,5,0.18,0.80,,
417118,1,5,0.08,0.80,,
417120,1,5,0.20,0.80,,
417121,1,5,0.55,0.80,,
417122,1,5,0.15,0.80,,
417123,1,5,0.37,0.80,,
417126,1,1,0.79,1.10,,
417127,1,5,0.10,0.80,,
417129,1,5,1.62,0.80,,
417132,1,5,0.75,0.80,,
417133,1,5,0.18,0.80,,
417135,1,5,0.18,0.80,,
417136,1,5,0.10,0.80,,
417137,1,5,0.18,0.80,,
417138,1,5,0.12,0.80,,
417139,1,5,0.16,0.80,,
417140,1,5,0.15,0.80,,
417141,1,5,0.14,0.80,,
417142,1,5,0.17,0.80,,
417143,1,5,0.11,0.80,,
417147,1,5,0.24,0.80,,
417148,1,5,0.12,0.80,,
417149,1,5,0.30,0.80,,
417150,1,1,2.00,1.00,,
417150,2,5,0.40,1.00,,
417151,1,1,0.93,1.00,,
417152,1,1,0.56,1.25,,
417155,1,1,0.82,1.00,,
417156,1,5,0.30,0.80,,
417158,1,5,0.11,0.80,,
417162,1,5,0.15,0.80,,
417163,1,1,0.35,1.00,,
417167,1,5,0.15,0.80,,
417169,1,5,0.12,0.80,,
417173,1,1,1.90,1.00,,
417177,1,5,0.14,0.80,,
417179,1,1,2.00,1.00,,
417179,2,5,1.26,1.00,,
417180,1,5,0.23,0.80,,
417181,1,5,0.60,0.80,,
417182,1,5,0.22,0.80,,
417183,1,5,0.25,0.80,,
4171831,1,5,0.25,0.80,,
417184,1,1,1.98,1.25,,
417187,1,1,0.80,1.10,,
417188,1,1,1.00,1.00,,
417189,1,1,2.00,1.25,,
417189,2,5,0.10,1.00,,
417190,1,5,0.20,0.80,,
417194,1,5,0.20,0.80,,
417196,1,5,0.30,0.80,,
417197,1,1,1.80,1.00,,
417198,1,5,0.20,0.80,,
417199,1,5,0.20,0.80,,
417200,1,5,0.14,0.80,,
417201,1,5,0.20,0.80,,
417202,1,5,0.10,0.80,,
417203,1,5,0.10,0.80,,
417204,1,5,0.20,0.80,,
417205,1,5,0.20,0.80,,
417206,1,5,0.10,0.80,,
417207,1,5,0.20,0.80,,
417208,1,5,0.10,0.80,,
417213,1,5,0.10,0.80,,
417215,1,5,0.20,0.80,,
417217,1,1,0.50,1.00,,
417219,1,1,0.50,0.50,,
417222,1,5,0.40,0.80,,
417223,1,1,0.60,1.00,,
417225,1,1,0.30,0.70,,
417228,1,5,0.30,0.80,,
417229,1,1,1.69,1.00,,
417231,1,5,0.20,0.80,,
417232,1,1,1.20,1.00,,
417234,1,1,1.40,1.00,,
417235,1,1,1.63,1.00,,
417236,1,5,0.19,0.80,,
417239,1,5,0.25,0.80,,
417241,1,1,1.00,1.00,,
417242,1,5,0.50,0.80,,
417244,1,5,0.37,0.80,,
417247,1,1,2.00,1.00,,
417247,2,5,0.32,1.00,,
417250,1,1,1.29,1.00,,
417252,1,1,0.50,1.00,,
417253,1,5,0.20,0.80,,
417254,1,1,1.00,1.00,,
417255,1,5,0.30,0.80,,
417256,1,5,0.21,0.80,,
417257,1,1,0.10,0.70,,
4172571,1,5,0.10,0.80,,
417258,1,1,0.30,1.00,,
417259,1,1,1.10,1.00,,
417261,1,5,0.20,0.80,,
417262,1,1,0.50,1.00,,
417264,1,1,0.96,1.00,,
417266,1,5,0.20,0.80,,
4172661,1,5,0.20,0.80,,
4172662,1,5,0.10,0.80,,
417267,1,1,1.10,1.00,,
417268,1,1,0.90,1.00,,
417269,1,5,0.18,0.80,,
417270,1,5,0.17,0.80,,
4172711,1,5,0.20,0.80,,
417272,1,5,0.30,0.80,,
4172721,1,5,0.26,0.80,,
417274,1,5,0.12,0.80,,
417275,1,5,0.30,0.80,,
417276,1,1,1.62,0.80,,
417277,1,1,1.93,1.00,,
417279,1,5,0.15,0.80,,
417280,1,5,0.15,0.80,,
417281,1,5,0.08,0.80,,
417282,1,5,0.15,0.80,,
417283,1,5,0.15,0.80,,
417284,1,5,0.08,0.80,,
417285,1,5,0.15,0.80,,
417286,1,5,0.08,0.80,,
417287,1,1,0.98,0.90,,
417288,1,5,0.15,0.80,,
417290,1,5,0.13,0.80,,
417291,1,5,0.25,0.80,,
417292,1,5,0.45,0.80,,
417293,1,5,0.10,0.80,,
417294,1,5,0.10,0.80,,
417295,1,5,0.10,0.80,,
417296,1,5,0.10,0.80,,
417297,1,5,0.30,0.80,,
417300,1,1,1.15,1.00,,
4173001,1,5,0.10,0.80,,
4173002,1,5,0.30,0.80,,
417301,1,5,0.10,0.80,,
417302,1,5,0.20,0.80,,
4173022,1,1,0.50,1.00,,
417303,1,5,0.10,0.80,,
417304,1,5,0.10,0.80,,
417305,1,1,0.30,1.00,,
417306,1,5,0.10,0.80,,
417307,1,5,0.10,0.80,,
417310,1,5,0.10,0.80,,
417313,1,5,0.10,0.80,,
417317,1,1,0.96,1.00,,
417320,1,6,1.30,0.70,,
417321,1,5,0.10,0.80,,
417322,1,5,0.10,0.80,,
417323,1,5,0.10,0.80,,
417324,1,5,0.20,0.80,,
417325,1,5,0.10,0.80,,
417326,1,5,0.10,0.80,,
417328,1,5,0.10,0.80,,
417329,1,5,0.20,0.80,,
417330,1,5,0.20,0.80,,
417331,1,5,0.10,0.80,,
417332,1,5,0.10,0.80,,
417334,1,5,0.10,0.80,,
417335,1,5,0.10,0.80,,
417336,1,5,0.10,0.80,,
417337,1,5,0.30,0.80,,
417338,1,5,0.10,0.80,,
417342,1,5,0.10,0.80,,
417343,1,5,0.40,0.80,,
417347,1,5,0.10,0.80,,
417348,1,5,0.20,0.80,,
417350,1,5,0.30,0.80,,
417352,1,5,0.20,0.80,,
417353,1,5,0.10,0.80,,
417354,1,5,0.10,0.80,,
417355,1,5,0.10,0.80,,
417356,1,5,0.10,0.80,,
417357,1,5,0.15,0.80,,
417358,1,5,0.20,0.80,,
417359,1,5,0.30,0.80,,
417360,1,5,0.15,0.80,,
417361,1,5,0.10,0.80,,
417362,1,5,0.20,1.00,,
417363,1,1,0.70,1.00,,
417368,1,5,0.20,0.80,,
417369,1,5,0.20,0.80,,
417370,1,5,0.10,0.80,,
417373,1,1,2.00,1.25,,
417373,2,5,1.70,0.90,,
4173732,1,5,0.10,0.80,,
417380,1,5,0.30,0.80,,
417381,1,5,0.10,0.80,,
417382,1,1,2.00,1.00,,
417382,2,5,0.42,1.00,,
417383,1,5,0.10,0.80,,
417384,1,5,0.10,0.80,,
417385,1,1,0.82,1.00,,
417386,1,5,0.10,0.80,,
417387,1,5,0.10,0.80,,
4173871,1,5,0.10,0.80,,
417390,1,5,0.50,0.80,,
417392,1,5,0.70,0.80,,
417394,1,5,0.10,0.80,,
417397,1,5,0.30,0.80,,
417400,1,5,0.40,0.80,,
417405,1,5,0.10,0.80,,
417408,1,5,0.10,0.80,,
417409,1,5,0.10,0.80,,
417410,1,5,0.10,0.80,,
417411,1,5,0.15,0.80,,
417412,1,5,0.10,0.80,,
417413,1,5,0.35,0.80,,
417414,1,5,0.20,0.80,,
4174151,1,5,0.10,0.80,,
417416,1,1,1.20,1.00,,
4174161,1,5,0.10,0.80,,
417417,1,5,0.10,0.80,,
417419,1,5,0.10,0.80,,
417422,1,1,2.00,1.00,,
417422,2,5,3.70,1.00,,
417423,1,5,0.10,0.80,,
417425,1,1,1.10,1.00,,
417429,1,5,0.20,0.80,,
417430,1,1,2.00,1.00,,
417430,2,5,1.70,1.00,,
417432,1,5,0.20,0.80,,
417433,1,5,0.82,0.80,,
417437,1,5,0.10,0.80,,
417443,1,5,0.20,0.80,,
418001,1,5,0.20,0.80,,
4180011,1,1,0.10,1.00,,
418002,1,1,0.47,1.00,,
418003,1,5,0.22,0.80,,
418005,1,1,1.60,1.00,,
418012,1,5,0.10,0.80,,
418013,1,5,0.10,0.80,,
418015,1,5,0.20,0.80,,
418016,1,5,0.10,0.80,,
418017,1,5,0.20,0.80,,
418019,1,5,0.20,0.80,,
418020,1,1,2.00,1.00,,
418020,2,5,1.00,0.70,,
418021,1,5,1.71,1.00,,
418022,1,5,0.27,0.80,,
418023,1,1,1.35,0.80,,
418024,1,5,0.20,0.80,,
418025,1,5,0.20,0.80,,
418026,1,5,0.20,0.80,,
418027,1,1,1.10,1.00,,
418028,1,1,0.80,1.00,,
4180281,1,5,0.47,0.80,,
418031,1,5,0.10,0.80,,
418032,1,5,0.10,0.80,,
418033,1,5,0.10,0.80,,
418034,1,5,0.10,0.80,,
418035,1,5,0.10,0.80,,
418036,1,5,0.10,0.80,,
418037,1,5,0.20,0.80,,
418039,1,5,0.10,0.80,,
418041,1,5,0.20,0.80,,
418044,1,1,1.60,1.00,,
418047,1,1,2.00,1.00,,
4180501,1,5,0.10,0.80,,
418054,1,6,0.50,0.50,,
418055,1,5,0.20,0.80,,
418056,1,5,0.10,0.80,,
418057,1,5,0.10,0.80,,
418059,1,5,0.10,0.80,,
418064,1,1,1.30,1.25,,
418065,1,1,2.00,1.00,,
418065,2,5,2.08,1.00,,
418067,1,5,0.35,0.80,,
418070,1,5,0.10,0.80,,
418072,1,5,0.20,0.80,,
418082,1,5,0.10,0.80,,
418084,1,5,0.10,0.80,,
418085,1,5,0.10,0.80,,
418089,1,5,0.20,0.80,,
418091,1,5,0.25,0.80,,
418092,1,5,0.13,0.80,,
418094,1,5,0.20,0.80,,
418095,1,5,0.10,0.80,,
418100,1,1,1.70,1.00,,
418103,1,5,0.27,0.80,,
418105,1,5,0.33,0.80,,
418108,1,5,0.23,0.80,,
418109,1,5,0.23,0.80,,
418110,1,1,0.50,1.00,,
418111,1,1,0.85,1.00,,
418114,1,1,1.67,1.00,,
418117,1,1,2.00,1.25,,
418119,1,1,0.90,1.00,,
418120,1,5,0.20,0.80,,
418124,1,1,2.00,0.90,,
418124,2,5,0.10,0.90,,
418127,1,1,1.45,1.00,,
418129,1,5,0.20,0.80,,
418130,1,5,0.20,0.80,,
418132,1,5,0.20,0.80,,
418133,1,5,0.20,0.80,,
418136,1,5,0.20,0.80,,
418137,1,5,0.20,0.80,,
418138,1,6,0.20,0.70,,
418139,1,5,0.30,0.80,,
418141,1,5,0.20,0.80,,
418142,1,5,0.20,0.80,,
418143,1,1,1.80,1.50,,
418145,1,1,0.48,0.40,,
418146,1,5,0.11,0.80,,
418147,1,5,0.10,0.80,,
418148,1,5,0.10,0.80,,
418151,1,1,1.27,1.25,,
418154,1,5,0.12,0.80,,
418156,1,5,0.10,0.80,,
418158,1,5,0.20,0.80,,
418159,1,5,0.60,0.80,,
418161,1,5,0.10,0.80,,
418164,1,5,0.45,0.80,,
418165,1,5,0.20,0.80,,
4181651,1,5,0.28,0.80,,
418166,1,1,0.35,1.00,,
418167,1,5,0.30,1.00,,
418168,1,5,0.12,0.80,,
418169,1,5,0.10,0.80,,
418170,1,5,0.17,0.80,,
418171,1,5,0.09,0.80,,
418172,1,1,0.37,0.90,,
418173,1,5,0.21,0.80,,
418174,1,5,0.11,0.80,,
418176,1,5,0.12,0.80,,
418177,1,5,9.50,0.80,,
418178,1,1,2.00,1.50,,
418178,2,5,5.40,1.00,,
418179,1,5,0.82,0.80,,
418180,1,5,0.20,0.80,,
418184,1,5,0.43,1.00,,
418185,1,5,0.23,0.80,,
418186,1,5,0.14,0.80,,
418187,1,5,0.10,0.80,,
418188,1,5,0.10,0.80,,
418190,1,1,1.07,1.00,,
418191,1,5,0.10,0.80,,
418194,1,5,0.20,0.80,,
418197,1,5,0.10,0.80,,
418198,1,5,0.10,0.80,,
418200,1,6,3.58,0.80,,
418201,1,5,0.11,0.80,,
418202,1,5,0.10,0.80,,
418203,1,5,0.10,0.80,,
418204,1,5,0.40,0.80,,
418207,1,5,0.40,0.80,,
418209,1,5,0.20,0.80,,
418210,1,5,0.10,0.80,,
418211,1,5,0.10,0.80,,
418212,1,6,2.04,0.70,,
418215,1,5,0.55,0.80,,
418216,1,1,0.60,1.00,,
418217,1,1,0.69,1.00,,
418219,1,5,0.55,0.80,,
418220,1,5,0.11,0.80,,
418222,1,1,0.85,1.00,,
418223,1,5,0.12,0.80,,
418224,1,5,0.35,0.80,,
418226,1,1,1.19,1.00,,
418227,1,5,0.12,0.80,,
418228,1,5,0.25,0.80,,
418229,1,5,0.12,0.80,,
418230,1,5,0.12,0.80,,
418231,1,5,0.12,0.80,,
418232,1,5,0.11,0.80,,
418233,1,5,0.58,0.80,,
418234,1,5,0.10,0.80,,
418236,1,5,0.12,0.80,,
418240,1,5,0.24,0.80,,
418242,1,5,0.11,0.80,,
418245,1,5,0.11,0.80,,
418248,1,5,0.20,0.80,,
418249,1,5,0.18,0.80,,
418252,1,5,0.35,0.80,,
418253,1,5,0.45,0.80,,
418254,1,5,0.10,0.80,,
418259,1,5,0.15,0.80,,
418260,1,5,0.30,0.80,,
418262,1,5,0.12,0.80,,
418263,1,5,0.14,0.80,,
418264,1,5,0.14,0.80,,
418267,1,5,0.09,1.00,,
418268,1,5,0.10,0.80,,
418270,1,1,1.00,1.00,,
418271,1,5,0.26,0.80,,
418272,1,5,0.30,0.80,,
418274,1,5,0.41,0.80,,
418275,1,5,0.40,0.80,,
418277,1,5,0.10,0.80,,
418278,1,5,0.35,0.80,,
418279,1,5,0.21,0.80,,
418280,1,5,0.37,0.80,,
418281,1,5,0.12,0.80,,
418282,1,5,0.30,0.80,,
418284,1,5,0.65,0.80,,
418285,1,5,0.21,0.80,,
418286,1,5,0.22,0.80,,
418287,1,5,0.18,0.80,,
418288,1,5,0.22,0.80,,
418289,1,5,0.19,0.80,,
418290,1,5,0.17,0.80,,
418291,1,5,0.16,0.80,,
418293,1,5,0.20,0.80,,
418294,1,1,1.50,1.00,,
418295,1,5,0.17,0.80,,
418296,1,1,2.00,1.00,,
418296,2,5,0.77,0.80,,
4182962,1,1,1.40,1.00,,
418297,1,1,1.04,1.00,,
480103,1,1,2.00,1.00,,
480103,2,5,0.43,1.00,,
480105,1,6,2.19,0.70,,
480109,1,5,0.45,0.80,,
480201,1,1,2.00,1.00,,
480201,2,5,0.15,1.00,,
480203,1,1,1.74,1.00,,
480204,1,6,2.68,0.70,,
480210,1,1,1.00,1.00,,
480211,1,1,1.00,0.80,,
480213,1,1,2.00,1.00,,
480213,2,5,0.05,1.00,,
480301,1,1,2.00,0.80,,
480301,2,5,0.76,1.00,,
480302,1,1,2.00,1.00,,
480302,2,5,1.03,1.00,,
480402,1,1,1.38,0.80,,
480405,1,1,2.00,1.00,,
480405,2,5,10.06,0.80,,
480410,1,1,2.00,1.00,,
480410,2,5,1.67,0.80,,
480601,1,1,2.00,0.90,,
480601,2,1,10.08,0.80,,
4806011,1,6,2.92,0.80,,
4807001,1,1,2.00,0.80,,
4807001,2,5,13.27,0.80,,
480701,1,1,2.00,1.00,,
480701,2,5,0.25,1.00,,
480706,1,1,2.00,1.25,,
480706,2,5,0.07,1.00,,
4807061,1,1,2.00,1.00,,
4807061,2,5,0.68,1.00,,
480801,1,1,2.00,1.25,,
480801,2,5,0.61,1.00,,
480804,1,1,1.18,1.25,,
480805,1,1,1.06,0.80,,
480806,1,1,1.97,0.70,,
480809,1,1,1.98,1.25,,
480810,1,1,2.00,1.25,,
480810,2,5,0.10,1.00,,
480812,1,1,2.00,1.00,,
480814,1,1,2.00,1.50,,
480814,2,5,0.94,1.00,,
480901,1,6,27.52,0.60,,
